Category,Statement
Neutral Declarative Statements,The sky is blue today.
Neutral Declarative Statements,My appointment is at 2:30 PM.
Neutral Declarative Statements,Water boils at 100 degrees Celsius.
Neutral Declarative Statements,The library is closed on Sundays.
Neutral Declarative Statements,This report is due on Friday.
Neutral Declarative Statements,My favorite color is green.
Neutral Declarative Statements,The train departs from platform 3.
Neutral Declarative Statements,This coffee shop opens at 7 AM.
Neutral Declarative Statements,The Earth revolves around the Sun.
Neutral Declarative Statements,My computer needs to be updated.
Neutral Declarative Statements,The meeting will be held online.
Neutral Declarative Statements,This book has 300 pages.
Neutral Declarative Statements,The speed limit here is 45 mph.
Neutral Declarative Statements,My flight number is UA456.
Neutral Declarative Statements,The office is located downtown.
Neutral Declarative Statements,This email requires a response.
Neutral Declarative Statements,The project deadline was extended.
Neutral Declarative Statements,My birthday is in August.
Neutral Declarative Statements,The store accepts credit cards.
Neutral Declarative Statements,Helium is lighter than air.
Neutral Declarative Statements,The presentation is scheduled for tomorrow.
Neutral Declarative Statements,My car uses unleaded gasoline.
Neutral Declarative Statements,The museum closes at 5 PM.
Neutral Declarative Statements,This software requires a license key.
Neutral Declarative Statements,The package was delivered this morning.
Neutral Declarative Statements,Mount Everest is the tallest mountain.
Neutral Declarative Statements,The concert starts at 8:00 PM.
Neutral Declarative Statements,My phone battery is low.
Neutral Declarative Statements,This recipe serves four people.
Neutral Declarative Statements,The address is 456 Oak Avenue.
Neutral Declarative Statements,The document is saved as a PDF.
Neutral Declarative Statements,Photosynthesis requires sunlight.
Neutral Declarative Statements,The movie runtime is 1 hour and 50 minutes.
Neutral Declarative Statements,My internet connection seems slow.
Neutral Declarative Statements,The restaurant offers vegetarian options.
Neutral Declarative Statements,This chair is made of wood.
Neutral Declarative Statements,The traffic light is red.
Neutral Declarative Statements,My shoes are size 10.
Neutral Declarative Statements,The invoice total is $125.50.
Neutral Declarative Statements,Penguins are birds that cannot fly.
Neutral Declarative Statements,The team meeting is mandatory.
Neutral Declarative Statements,My subscription expires next month.
Neutral Declarative Statements,The temperature is 72 degrees Fahrenheit.
Neutral Declarative Statements,This form needs to be signed.
Neutral Declarative Statements,The warranty covers defects for one year.
Neutral Declarative Statements,My glasses need cleaning.
Neutral Declarative Statements,The post office is across the street.
Neutral Declarative Statements,This shirt is 100% cotton.
Neutral Declarative Statements,The game is scheduled for Saturday afternoon.
Neutral Declarative Statements,My neighbor has a dog.
Neutral Declarative Statements,The report should be submitted electronically.
Neutral Declarative Statements,The capital of France is Paris.
Neutral Declarative Statements,My alarm is set for 7:00 AM.
Neutral Declarative Statements,This road is currently under construction.
Neutral Declarative Statements,The class starts on September 5th.
Neutral Declarative Statements,My laptop is three years old.
Neutral Declarative Statements,The instructions are included in the box.
Neutral Declarative Statements,The bank closes at 4 PM on weekdays.
Neutral Declarative Statements,This plant needs water.
Neutral Declarative Statements,The file was last modified yesterday.
Neutral Declarative Statements,Jupiter is the largest planet in our solar system.
Neutral Declarative Statements,The final payment is due next week.
Neutral Declarative Statements,My keys are on the table.
Neutral Declarative Statements,The website is down for maintenance.
Neutral Declarative Statements,This coffee is decaffeinated.
Neutral Declarative Statements,The printer requires black ink.
Neutral Declarative Statements,My favorite season is autumn.
Neutral Declarative Statements,The next bus arrives in 10 minutes.
Neutral Declarative Statements,This task should take about an hour.
Neutral Declarative Statements,The human body has 206 bones.
Neutral Declarative Statements,The password must be at least 8 characters long.
Neutral Declarative Statements,My flight was delayed by an hour.
Neutral Declarative Statements,The assignment is to read chapter five.
Neutral Declarative Statements,This building has six floors.
Neutral Declarative Statements,The conference call starts in five minutes.
Neutral Declarative Statements,My water bottle is empty.
Neutral Declarative Statements,The article discusses climate change.
Neutral Declarative Statements,The Nile is the longest river in the world.
Neutral Declarative Statements,My wallet is in my back pocket.
Neutral Declarative Statements,The software update finished installing.
Neutral Declarative Statements,This clock is running five minutes fast.
Neutral Declarative Statements,The reservation is under the name Smith.
Neutral Declarative Statements,My shirt has a small stain on it.
Neutral Declarative Statements,The homework is due tomorrow.
Neutral Declarative Statements,This television screen is 55 inches.
Neutral Declarative Statements,The company was founded in 1998.
Neutral Declarative Statements,My garden needs weeding.
Neutral Declarative Statements,The package requires a signature upon delivery.
Neutral Declarative Statements,Sharks are fish.
Neutral Declarative Statements,The proposal needs final approval.
Neutral Declarative Statements,My computer fan is making noise.
Neutral Declarative Statements,The grocery store is open until 10 PM.
Neutral Declarative Statements,This pen is out of ink.
Neutral Declarative Statements,The project involves multiple teams.
Neutral Declarative Statements,My car's check engine light is on.
Neutral Declarative Statements,The Andes are a mountain range in South America.
Neutral Declarative Statements,The final decision will be made next week.
Neutral Declarative Statements,My desk is cluttered.
Neutral Declarative Statements,The order confirmation number is 12345XYZ.
Affect-Containing Declarative Statements - Clearly Happy,I'm absolutely thrilled about getting the job!
Affect-Containing Declarative Statements - Clearly Happy,"This is the best news I've heard all year, I'm ecstatic!"
Affect-Containing Declarative Statements - Clearly Happy,I feel so wonderful and light today.
Affect-Containing Declarative Statements - Clearly Happy,"What a fantastic surprise, I'm overjoyed!"
Affect-Containing Declarative Statements - Clearly Happy,I'm so incredibly happy with how the project turned out.
Affect-Containing Declarative Statements - Clearly Happy,"My vacation was amazing, I feel so refreshed and content."
Affect-Containing Declarative Statements - Clearly Happy,I'm bursting with excitement about the upcoming concert.
Affect-Containing Declarative Statements - Clearly Happy,"This gift is perfect, I'm so grateful and touched."
Affect-Containing Declarative Statements - Clearly Happy,"Passing that exam feels amazing, I'm so proud of myself."
Affect-Containing Declarative Statements - Clearly Happy,"I'm delighted to see you, it's been too long!"
Affect-Containing Declarative Statements - Clearly Happy,This beautiful weather is making me feel incredibly cheerful.
Affect-Containing Declarative Statements - Clearly Happy,I'm so pleased with the results of my hard work.
Affect-Containing Declarative Statements - Clearly Happy,Hearing that compliment made my whole day brighter.
Affect-Containing Declarative Statements - Clearly Happy,I'm on cloud nine after receiving such positive feedback.
Affect-Containing Declarative Statements - Clearly Happy,"This party is fantastic, I'm having such a wonderful time."
Affect-Containing Declarative Statements - Clearly Happy,I feel so lucky and blessed right now.
Affect-Containing Declarative Statements - Clearly Happy,"Achieving that goal was incredibly satisfying, I'm elated."
Affect-Containing Declarative Statements - Clearly Happy,I'm so happy for my friend's success!
Affect-Containing Declarative Statements - Clearly Happy,"This meal is delicious, I'm thoroughly enjoying it."
Affect-Containing Declarative Statements - Clearly Happy,I'm just beaming with happiness today.
Affect-Containing Declarative Statements - Clearly Happy,It's wonderful to reconnect with old friends.
Affect-Containing Declarative Statements - Clearly Happy,I feel a profound sense of joy and peace.
Affect-Containing Declarative Statements - Clearly Happy,"This promotion is a dream come true, I'm thrilled!"
Affect-Containing Declarative Statements - Clearly Happy,I'm so excited to start this new chapter in my life.
Affect-Containing Declarative Statements - Clearly Happy,"That movie had such a happy ending, it left me feeling great."
Affect-Containing Declarative Statements - Clearly Happy,I'm so thankful for the support I've received.
Affect-Containing Declarative Statements - Clearly Happy,Waking up feeling rested and happy is the best.
Affect-Containing Declarative Statements - Clearly Happy,This unexpected kindness really lifted my spirits.
Affect-Containing Declarative Statements - Clearly Happy,I'm giddy with anticipation for the holidays.
Affect-Containing Declarative Statements - Clearly Happy,Spending time with family always makes me happy.
Affect-Containing Declarative Statements - Clearly Happy,I'm absolutely loving this new hobby.
Affect-Containing Declarative Statements - Clearly Happy,This sunny day fills me with positive energy.
Affect-Containing Declarative Statements - Clearly Happy,I feel incredibly optimistic about the future.
Affect-Containing Declarative Statements - Clearly Happy,Getting that acceptance letter was a moment of pure joy.
Affect-Containing Declarative Statements - Clearly Happy,I'm so glad we decided to take this trip.
Affect-Containing Declarative Statements - Clearly Happy,"This music is so uplifting, it makes me want to dance."
Affect-Containing Declarative Statements - Clearly Happy,I feel a wonderful sense of accomplishment.
Affect-Containing Declarative Statements - Clearly Happy,It's fantastic to see everything working out.
Affect-Containing Declarative Statements - Clearly Happy,I'm overflowing with gratitude for this opportunity.
Affect-Containing Declarative Statements - Clearly Happy,This reunion is bringing back so many happy memories.
Affect-Containing Declarative Statements - Clearly Happy,I'm ecstatic about the team's victory!
Affect-Containing Declarative Statements - Clearly Happy,"This surprise party is amazing, I feel so loved."
Affect-Containing Declarative Statements - Clearly Happy,I'm genuinely happy with my life right now.
Affect-Containing Declarative Statements - Clearly Happy,"It's a beautiful moment, and I feel blessed to experience it."
Affect-Containing Declarative Statements - Clearly Happy,I'm thrilled to announce our engagement!
Affect-Containing Declarative Statements - Clearly Happy,This success feels incredibly rewarding.
Affect-Containing Declarative Statements - Clearly Happy,I'm feeling particularly cheerful and upbeat today.
Affect-Containing Declarative Statements - Clearly Happy,"Receiving that award was an honor, I'm overjoyed."
Affect-Containing Declarative Statements - Clearly Happy,I'm so happy that we could resolve our differences.
Affect-Containing Declarative Statements - Clearly Happy,"This view is breathtaking, it fills me with awe and happiness."
Affect-Containing Declarative Statements - Clearly Happy,I'm delighted by the progress we've made.
Affect-Containing Declarative Statements - Clearly Happy,"Finding my lost keys was such a relief, I'm so happy!"
Affect-Containing Declarative Statements - Clearly Happy,I'm looking forward to the weekend with great excitement.
Affect-Containing Declarative Statements - Clearly Happy,This positive news has made me incredibly happy.
Affect-Containing Declarative Statements - Clearly Happy,I feel so content and peaceful right now.
Affect-Containing Declarative Statements - Clearly Happy,It’s wonderful to celebrate this milestone together.
Affect-Containing Declarative Statements - Clearly Happy,I'm so thankful for my health and well-being.
Affect-Containing Declarative Statements - Clearly Happy,"This act of generosity has touched my heart, I'm grateful."
Affect-Containing Declarative Statements - Clearly Happy,I'm buzzing with positive energy after that workout.
Affect-Containing Declarative Statements - Clearly Happy,I'm so pleased that my plants are finally blooming.
Affect-Containing Declarative Statements - Clearly Happy,"That comedy show was hilarious, I haven't laughed that hard in ages."
Affect-Containing Declarative Statements - Clearly Happy,I feel a great sense of satisfaction with my accomplishments.
Affect-Containing Declarative Statements - Clearly Happy,I'm overjoyed to welcome the new baby into our family.
Affect-Containing Declarative Statements - Clearly Happy,"This sunny afternoon is perfect, I feel so relaxed and happy."
Affect-Containing Declarative Statements - Clearly Happy,I'm thrilled with my new apartment.
Affect-Containing Declarative Statements - Clearly Happy,It feels wonderful to be recognized for my contributions.
Affect-Containing Declarative Statements - Clearly Happy,I'm so happy to be spending quality time with loved ones.
Affect-Containing Declarative Statements - Clearly Happy,This successful outcome is cause for celebration!
Affect-Containing Declarative Statements - Clearly Happy,I'm feeling incredibly positive and motivated.
Affect-Containing Declarative Statements - Clearly Happy,The surprise visit from my friend made me so happy.
Affect-Containing Declarative Statements - Clearly Happy,I'm genuinely content with the simple things in life today.
Affect-Containing Declarative Statements - Clearly Happy,This graduation ceremony is such a joyous occasion.
Affect-Containing Declarative Statements - Clearly Happy,I'm so excited about learning a new skill.
Affect-Containing Declarative Statements - Clearly Happy,It's incredibly gratifying to help others.
Affect-Containing Declarative Statements - Clearly Happy,I feel so alive and happy in this beautiful nature.
Affect-Containing Declarative Statements - Clearly Happy,This delicious dessert is making me very happy.
Affect-Containing Declarative Statements - Clearly Happy,I'm elated that my favorite team won the championship.
Affect-Containing Declarative Statements - Clearly Happy,The thoughtful card I received really brightened my day.
Affect-Containing Declarative Statements - Clearly Happy,I'm so happy that my pet is healthy and playful.
Affect-Containing Declarative Statements - Clearly Happy,This feeling of happiness is exactly what I needed.
Affect-Containing Declarative Statements - Clearly Happy,I'm thrilled to be starting a new creative project.
Affect-Containing Declarative Statements - Clearly Happy,It's wonderful to feel appreciated.
Affect-Containing Declarative Statements - Clearly Happy,I'm so glad we made up after our argument.
Affect-Containing Declarative Statements - Clearly Happy,This perfect cup of coffee is making my morning delightful.
Affect-Containing Declarative Statements - Clearly Happy,I feel a genuine sense of warmth and happiness.
Affect-Containing Declarative Statements - Clearly Happy,"The wedding was beautiful, I'm so happy for the couple."
Affect-Containing Declarative Statements - Clearly Happy,I'm ecstatic about the positive reviews.
Affect-Containing Declarative Statements - Clearly Happy,"This day off is just what I needed, I feel relaxed and happy."
Affect-Containing Declarative Statements - Clearly Happy,I'm overjoyed at the prospect of seeing my family soon.
Affect-Containing Declarative Statements - Clearly Happy,It's fantastic to finally complete this challenging task.
Affect-Containing Declarative Statements - Clearly Happy,I'm so happy with my progress in therapy.
Affect-Containing Declarative Statements - Clearly Happy,This beautiful artwork fills me with joy.
Affect-Containing Declarative Statements - Clearly Happy,I'm delighted to have met you.
Affect-Containing Declarative Statements - Clearly Happy,"The clear sky tonight is beautiful, I feel peaceful and happy."
Affect-Containing Declarative Statements - Clearly Happy,I'm thrilled that my application was approved.
Affect-Containing Declarative Statements - Clearly Happy,This unexpected refund made me quite happy.
Affect-Containing Declarative Statements - Clearly Happy,I feel so positive and hopeful about everything.
Affect-Containing Declarative Statements - Clearly Happy,It's a pure joy to watch children play.
Affect-Containing Declarative Statements - Clearly Sad,I was devastated to hear about the accident.
Affect-Containing Declarative Statements - Clearly Sad,Losing my job has left me feeling hopeless.
Affect-Containing Declarative Statements - Clearly Sad,I feel so incredibly lonely tonight.
Affect-Containing Declarative Statements - Clearly Sad,It's heartbreaking to see my friend suffer.
Affect-Containing Declarative Statements - Clearly Sad,I'm deeply disappointed in the decision.
Affect-Containing Declarative Statements - Clearly Sad,"The gray, rainy weather matches my gloomy mood."
Affect-Containing Declarative Statements - Clearly Sad,I feel a profound sadness about the state of the world.
Affect-Containing Declarative Statements - Clearly Sad,"Saying goodbye was much harder than I expected, I'm miserable."
Affect-Containing Declarative Statements - Clearly Sad,I'm grieving the end of my relationship.
Affect-Containing Declarative Statements - Clearly Sad,This feeling of emptiness is consuming me.
Affect-Containing Declarative Statements - Clearly Sad,I'm so upset about failing the test.
Affect-Containing Declarative Statements - Clearly Sad,It's depressing to think about all the opportunities I've missed.
Affect-Containing Declarative Statements - Clearly Sad,I feel utterly dejected after that rejection.
Affect-Containing Declarative Statements - Clearly Sad,The news of the loss was crushing.
Affect-Containing Declarative Statements - Clearly Sad,I'm feeling very down and melancholic today.
Affect-Containing Declarative Statements - Clearly Sad,This constant struggle is making me feel weary and sad.
Affect-Containing Declarative Statements - Clearly Sad,"I feel so isolated, even when I'm around people."
Affect-Containing Declarative Statements - Clearly Sad,My heart aches for those who are suffering.
Affect-Containing Declarative Statements - Clearly Sad,I'm so unhappy with my current situation.
Affect-Containing Declarative Statements - Clearly Sad,It's hard not to feel discouraged right now.
Affect-Containing Declarative Statements - Clearly Sad,I feel a heavy weight of sadness on my chest.
Affect-Containing Declarative Statements - Clearly Sad,The memories are making me feel quite sorrowful.
Affect-Containing Declarative Statements - Clearly Sad,I'm feeling blue and can't seem to shake it off.
Affect-Containing Declarative Statements - Clearly Sad,This setback has left me feeling defeated.
Affect-Containing Declarative Statements - Clearly Sad,I'm mourning the loss of my pet.
Affect-Containing Declarative Statements - Clearly Sad,It's painful to think about what could have been.
Affect-Containing Declarative Statements - Clearly Sad,I feel so misunderstood and alone.
Affect-Containing Declarative Statements - Clearly Sad,This bad news has really brought me down.
Affect-Containing Declarative Statements - Clearly Sad,I'm overwhelmed by feelings of sadness and despair.
Affect-Containing Declarative Statements - Clearly Sad,The unfairness of the situation makes me feel quite sad.
Affect-Containing Declarative Statements - Clearly Sad,I feel a deep sense of loss and emptiness.
Affect-Containing Declarative Statements - Clearly Sad,This argument left me feeling hurt and upset.
Affect-Containing Declarative Statements - Clearly Sad,I'm finding it hard to see any light at the end of the tunnel.
Affect-Containing Declarative Statements - Clearly Sad,The constant negativity is making me depressed.
Affect-Containing Declarative Statements - Clearly Sad,I feel heartbroken for my friend's misfortune.
Affect-Containing Declarative Statements - Clearly Sad,This sense of hopelessness is draining.
Affect-Containing Declarative Statements - Clearly Sad,I'm so disappointed in myself.
Affect-Containing Declarative Statements - Clearly Sad,It's sad to see things change for the worse.
Affect-Containing Declarative Statements - Clearly Sad,I feel a quiet melancholy settling over me.
Affect-Containing Declarative Statements - Clearly Sad,The failure of this project has left me feeling dejected.
Affect-Containing Declarative Statements - Clearly Sad,I'm struggling with feelings of grief and sorrow.
Affect-Containing Declarative Statements - Clearly Sad,This gloomy atmosphere is making me feel sad.
Affect-Containing Declarative Statements - Clearly Sad,I feel so let down by someone I trusted.
Affect-Containing Declarative Statements - Clearly Sad,The thought of the future feels bleak and depressing.
Affect-Containing Declarative Statements - Clearly Sad,I'm feeling very low-spirited today.
Affect-Containing Declarative Statements - Clearly Sad,This injustice makes my heart heavy.
Affect-Containing Declarative Statements - Clearly Sad,I feel a persistent sadness that I can't explain.
Affect-Containing Declarative Statements - Clearly Sad,The end of an era always feels bittersweet and sad.
Affect-Containing Declarative Statements - Clearly Sad,I'm so upset about the missed connection.
Affect-Containing Declarative Statements - Clearly Sad,This feeling of regret is making me sad.
Affect-Containing Declarative Statements - Clearly Sad,I feel a wave of sadness washing over me.
Affect-Containing Declarative Statements - Clearly Sad,It's distressing to witness such conflict.
Affect-Containing Declarative Statements - Clearly Sad,I'm unhappy about the way things were handled.
Affect-Containing Declarative Statements - Clearly Sad,This lack of progress is disheartening.
Affect-Containing Declarative Statements - Clearly Sad,I feel a profound sense of sorrow for the world's problems.
Affect-Containing Declarative Statements - Clearly Sad,The cancellation of the event was a big disappointment.
Affect-Containing Declarative Statements - Clearly Sad,I'm feeling particularly vulnerable and sad right now.
Affect-Containing Declarative Statements - Clearly Sad,It's sad to think about lost opportunities.
Affect-Containing Declarative Statements - Clearly Sad,I feel a deep ache of loneliness.
Affect-Containing Declarative Statements - Clearly Sad,This negative feedback has left me feeling quite down.
Affect-Containing Declarative Statements - Clearly Sad,I'm mourning the past and the way things used to be.
Affect-Containing Declarative Statements - Clearly Sad,It's painful to acknowledge my mistakes.
Affect-Containing Declarative Statements - Clearly Sad,I feel so out of place and alone.
Affect-Containing Declarative Statements - Clearly Sad,This dreary weather is affecting my mood negatively.
Affect-Containing Declarative Statements - Clearly Sad,I'm overwhelmed by sadness and can't focus.
Affect-Containing Declarative Statements - Clearly Sad,The cruelty in the world makes me feel deeply sad.
Affect-Containing Declarative Statements - Clearly Sad,I feel a lingering sadness from that experience.
Affect-Containing Declarative Statements - Clearly Sad,This constant worry is making me miserable.
Affect-Containing Declarative Statements - Clearly Sad,I'm so disappointed that things didn't work out.
Affect-Containing Declarative Statements - Clearly Sad,It's sad to feel like you're drifting apart from someone.
Affect-Containing Declarative Statements - Clearly Sad,I feel a quiet desperation and sadness.
Affect-Containing Declarative Statements - Clearly Sad,The news report was incredibly upsetting.
Affect-Containing Declarative Statements - Clearly Sad,I'm unhappy with the lack of communication.
Affect-Containing Declarative Statements - Clearly Sad,This feeling of powerlessness is depressing.
Affect-Containing Declarative Statements - Clearly Sad,I feel a heavy heart thinking about the challenges ahead.
Affect-Containing Declarative Statements - Clearly Sad,The destruction caused by the storm is heartbreaking.
Affect-Containing Declarative Statements - Clearly Sad,I'm feeling very fragile and sad today.
Affect-Containing Declarative Statements - Clearly Sad,It's sad to realize some dreams won't come true.
Affect-Containing Declarative Statements - Clearly Sad,I feel a deep well of sadness inside me.
Affect-Containing Declarative Statements - Clearly Sad,This misunderstanding has made me feel quite upset.
Affect-Containing Declarative Statements - Clearly Sad,I'm mourning the loss of innocence.
Affect-Containing Declarative Statements - Clearly Sad,It's hard to feel hopeful when things look so bleak.
Affect-Containing Declarative Statements - Clearly Sad,I feel so drained and melancholic.
Affect-Containing Declarative Statements - Clearly Sad,This situation feels utterly hopeless and sad.
Affect-Containing Declarative Statements - Clearly Sad,I'm unhappy that I have to cancel my plans.
Affect-Containing Declarative Statements - Clearly Sad,The constant criticism is making me feel dejected.
Affect-Containing Declarative Statements - Clearly Sad,I feel a profound grief for what has been lost.
Affect-Containing Declarative Statements - Clearly Sad,Seeing others in pain makes me feel sad.
Affect-Containing Declarative Statements - Clearly Sad,"I'm so blue today, nothing seems to cheer me up."
Affect-Containing Declarative Statements - Clearly Sad,This failure feels like a heavy blow.
Affect-Containing Declarative Statements - Clearly Sad,I feel a deep sadness for forgotten memories.
Affect-Containing Declarative Statements - Clearly Sad,It's upsetting to feel like I'm not good enough.
Affect-Containing Declarative Statements - Clearly Sad,"This cold, empty house makes me feel lonely."
Affect-Containing Declarative Statements - Clearly Sad,I'm deeply saddened by the lack of empathy.
Affect-Containing Declarative Statements - Clearly Sad,"The end of the movie was so sad, it made me cry."
Affect-Containing Declarative Statements - Clearly Sad,I feel a quiet sadness lingering from yesterday.
Affect-Containing Declarative Statements - Clearly Sad,This constant uncertainty is making me feel down.
Affect-Containing Declarative Statements - Clearly Angry,I'm absolutely furious about the mistake!
Affect-Containing Declarative Statements - Clearly Angry,This incompetence is making my blood boil.
Affect-Containing Declarative Statements - Clearly Angry,I'm so irritated by the constant interruptions.
Affect-Containing Declarative Statements - Clearly Angry,It's infuriating to be treated so disrespectfully.
Affect-Containing Declarative Statements - Clearly Angry,I'm livid that they canceled my flight without notice.
Affect-Containing Declarative Statements - Clearly Angry,"This constant noise is driving me crazy, I'm really annoyed."
Affect-Containing Declarative Statements - Clearly Angry,I was fuming after that argument.
Affect-Containing Declarative Statements - Clearly Angry,The blatant unfairness of the situation makes me incredibly angry.
Affect-Containing Declarative Statements - Clearly Angry,I'm seething about the way I was spoken to.
Affect-Containing Declarative Statements - Clearly Angry,"This delay is unacceptable, I'm very displeased."
Affect-Containing Declarative Statements - Clearly Angry,I'm so mad at myself for making that error.
Affect-Containing Declarative Statements - Clearly Angry,It's exasperating dealing with this bureaucracy.
Affect-Containing Declarative Statements - Clearly Angry,I feel a surge of anger whenever I think about it.
Affect-Containing Declarative Statements - Clearly Angry,This traffic jam is making me extremely frustrated.
Affect-Containing Declarative Statements - Clearly Angry,I'm outraged by their lack of professionalism.
Affect-Containing Declarative Statements - Clearly Angry,The computer freezing again has made me really angry.
Affect-Containing Declarative Statements - Clearly Angry,I'm incensed that my concerns were ignored.
Affect-Containing Declarative Statements - Clearly Angry,This constant criticism is getting on my last nerve.
Affect-Containing Declarative Statements - Clearly Angry,I'm bitter about the missed opportunity.
Affect-Containing Declarative Statements - Clearly Angry,It's maddening how inefficient this process is.
Affect-Containing Declarative Statements - Clearly Angry,I feel hostile towards anyone who defends that decision.
Affect-Containing Declarative Statements - Clearly Angry,The mess left in the kitchen made me see red.
Affect-Containing Declarative Statements - Clearly Angry,I'm deeply annoyed by the repetitive questions.
Affect-Containing Declarative Statements - Clearly Angry,This broken promise has left me feeling angry and betrayed.
Affect-Containing Declarative Statements - Clearly Angry,I'm simmering with resentment over what happened.
Affect-Containing Declarative Statements - Clearly Angry,It's galling to be accused unjustly.
Affect-Containing Declarative Statements - Clearly Angry,I'm agitated because nothing is going right today.
Affect-Containing Declarative Statements - Clearly Angry,This blatant disregard for the rules makes me furious.
Affect-Containing Declarative Statements - Clearly Angry,I'm cross about having to redo the entire report.
Affect-Containing Declarative Statements - Clearly Angry,The rudeness of that customer was infuriating.
Affect-Containing Declarative Statements - Clearly Angry,I feel my temper rising because of this situation.
Affect-Containing Declarative Statements - Clearly Angry,This technical issue is incredibly frustrating.
Affect-Containing Declarative Statements - Clearly Angry,I'm indignant about the false accusations.
Affect-Containing Declarative Statements - Clearly Angry,The power outage is making me very irritable.
Affect-Containing Declarative Statements - Clearly Angry,I'm vexed by the lack of communication.
Affect-Containing Declarative Statements - Clearly Angry,It's aggravating to have my time wasted like this.
Affect-Containing Declarative Statements - Clearly Angry,I'm enraged by the injustice I witnessed.
Affect-Containing Declarative Statements - Clearly Angry,This poor service has made me quite angry.
Affect-Containing Declarative Statements - Clearly Angry,I'm worked up about the upcoming changes.
Affect-Containing Declarative Statements - Clearly Angry,The arrogance displayed was offensive and made me mad.
Affect-Containing Declarative Statements - Clearly Angry,I'm bristling with anger over that comment.
Affect-Containing Declarative Statements - Clearly Angry,This failure to meet the deadline is infuriating.
Affect-Containing Declarative Statements - Clearly Angry,I feel antagonized by their behavior.
Affect-Containing Declarative Statements - Clearly Angry,The spilled coffee all over my work made me furious.
Affect-Containing Declarative Statements - Clearly Angry,I'm peeved about the sudden change of plans.
Affect-Containing Declarative Statements - Clearly Angry,This obstructive attitude is making me angry.
Affect-Containing Declarative Statements - Clearly Angry,I'm irate that my privacy was violated.
Affect-Containing Declarative Statements - Clearly Angry,The constant complaining is incredibly annoying.
Affect-Containing Declarative Statements - Clearly Angry,I'm boiling inside because of this betrayal.
Affect-Containing Declarative Statements - Clearly Angry,It's exasperating to explain this over and over.
Affect-Containing Declarative Statements - Clearly Angry,I feel a lot of hostility towards the system right now.
Affect-Containing Declarative Statements - Clearly Angry,"This wrong order is the last straw, I'm furious."
Affect-Containing Declarative Statements - Clearly Angry,I'm disgruntled about the outcome.
Affect-Containing Declarative Statements - Clearly Angry,The blatant lie made me incredibly angry.
Affect-Containing Declarative Statements - Clearly Angry,I'm touchy today because I didn't sleep well.
Affect-Containing Declarative Statements - Clearly Angry,This bureaucratic red tape is maddening.
Affect-Containing Declarative Statements - Clearly Angry,I feel provoked by their passive-aggressive remarks.
Affect-Containing Declarative Statements - Clearly Angry,The faulty equipment is a source of constant frustration.
Affect-Containing Declarative Statements - Clearly Angry,I'm outraged at the price increase.
Affect-Containing Declarative Statements - Clearly Angry,This condescending tone is making me angry.
Affect-Containing Declarative Statements - Clearly Angry,I'm incensed by the lack of accountability.
Affect-Containing Declarative Statements - Clearly Angry,The slow internet speed is extremely irritating.
Affect-Containing Declarative Statements - Clearly Angry,I'm bitter about not getting the recognition I deserved.
Affect-Containing Declarative Statements - Clearly Angry,It's infuriating how disorganized everything is.
Affect-Containing Declarative Statements - Clearly Angry,I feel antagonistic towards anyone defending this mess.
Affect-Containing Declarative Statements - Clearly Angry,The noise from the construction next door is making me irate.
Affect-Containing Declarative Statements - Clearly Angry,I'm deeply frustrated by the lack of progress.
Affect-Containing Declarative Statements - Clearly Angry,This violation of trust has made me furious.
Affect-Containing Declarative Statements - Clearly Angry,I'm simmering with anger over the decision.
Affect-Containing Declarative Statements - Clearly Angry,It's galling to see such incompetence.
Affect-Containing Declarative Statements - Clearly Angry,I'm agitated because my plans were ruined.
Affect-Containing Declarative Statements - Clearly Angry,This dismissive attitude is making me see red.
Affect-Containing Declarative Statements - Clearly Angry,I'm cross that I have to clean up someone else's mess.
Affect-Containing Declarative Statements - Clearly Angry,The deceptive advertising was infuriating.
Affect-Containing Declarative Statements - Clearly Angry,I feel my anger building due to these delays.
Affect-Containing Declarative Statements - Clearly Angry,This broken appliance is incredibly frustrating.
Affect-Containing Declarative Statements - Clearly Angry,I'm indignant about the unfair treatment.
Affect-Containing Declarative Statements - Clearly Angry,"The noisy neighbors kept me up all night, I'm very irritable."
Affect-Containing Declarative Statements - Clearly Angry,I'm vexed by the constant changes.
Affect-Containing Declarative Statements - Clearly Angry,It's aggravating to be put on hold for so long.
Affect-Containing Declarative Statements - Clearly Angry,I'm enraged by the cruelty shown.
Affect-Containing Declarative Statements - Clearly Angry,This terrible customer service has made me quite angry.
Affect-Containing Declarative Statements - Clearly Angry,I'm worked up about the potential problems.
Affect-Containing Declarative Statements - Clearly Angry,The sheer audacity of that person made me mad.
Affect-Containing Declarative Statements - Clearly Angry,I'm bristling with frustration over that policy.
Affect-Containing Declarative Statements - Clearly Angry,This repeated failure is infuriating.
Affect-Containing Declarative Statements - Clearly Angry,I feel baited by their questions.
Affect-Containing Declarative Statements - Clearly Angry,The printer jamming again made me furious.
Affect-Containing Declarative Statements - Clearly Angry,I'm peeved about the schedule change.
Affect-Containing Declarative Statements - Clearly Angry,This stubbornness is making me angry.
Affect-Containing Declarative Statements - Clearly Angry,I'm irate that my concerns were dismissed.
Affect-Containing Declarative Statements - Clearly Angry,The constant notifications are incredibly annoying.
Affect-Containing Declarative Statements - Clearly Angry,I'm boiling over because of this injustice.
Affect-Containing Declarative Statements - Clearly Angry,It's exasperating repeating myself constantly.
Affect-Containing Declarative Statements - Clearly Angry,I feel a lot of anger towards the people responsible.
Affect-Containing Declarative Statements - Clearly Angry,"This wrong information is the final straw, I'm furious."
Affect-Containing Declarative Statements - Clearly Angry,I'm disgruntled with the service provided.
Affect-Containing Declarative Statements - Clearly Angry,The manipulation made me incredibly angry.
Neutral Non-Therapeutic Questions,What time does the next train arrive?
Neutral Non-Therapeutic Questions,Can you remind me what I have scheduled for tomorrow?
Neutral Non-Therapeutic Questions,Where is the nearest grocery store?
Neutral Non-Therapeutic Questions,What is the current temperature outside?
Neutral Non-Therapeutic Questions,How do I spell 'necessary'?
Neutral Non-Therapeutic Questions,What was the title of the book I mentioned last week?
Neutral Non-Therapeutic Questions,Can you convert 50 miles to kilometers?
Neutral Non-Therapeutic Questions,What are the ingredients needed for this recipe?
Neutral Non-Therapeutic Questions,When is the deadline for this project?
Neutral Non-Therapeutic Questions,What is the phone number for the library?
Neutral Non-Therapeutic Questions,Can you find directions to the museum?
Neutral Non-Therapeutic Questions,What is the capital of Australia?
Neutral Non-Therapeutic Questions,How many ounces are in a pound?
Neutral Non-Therapeutic Questions,Do you know the wifi password?
Neutral Non-Therapeutic Questions,What year did World War II end?
Neutral Non-Therapeutic Questions,Can you look up the definition of 'ephemeral'?
Neutral Non-Therapeutic Questions,What are the store hours today?
Neutral Non-Therapeutic Questions,How do I update my software?
Neutral Non-Therapeutic Questions,What is the population of Chicago?
Neutral Non-Therapeutic Questions,Can you tell me the status of my order?
Neutral Non-Therapeutic Questions,What is the atomic number for Carbon?
Neutral Non-Therapeutic Questions,Where did I save that document?
Neutral Non-Therapeutic Questions,How tall is the Eiffel Tower?
Neutral Non-Therapeutic Questions,What is the exchange rate between USD and EUR?
Neutral Non-Therapeutic Questions,Can you set a timer for 15 minutes?
Neutral Non-Therapeutic Questions,What movies are playing at the local theater?
Neutral Non-Therapeutic Questions,How do I change my password?
Neutral Non-Therapeutic Questions,What is the boiling point of water in Fahrenheit?
Neutral Non-Therapeutic Questions,Can you check the traffic on my commute route?
Neutral Non-Therapeutic Questions,What is the square root of 64?
Neutral Non-Therapeutic Questions,Where is the nearest post office located?
Neutral Non-Therapeutic Questions,How many planets are in our solar system?
Neutral Non-Therapeutic Questions,What is the difference between RAM and ROM?
Neutral Non-Therapeutic Questions,Can you add milk to my shopping list?
Neutral Non-Therapeutic Questions,What is the chemical symbol for Gold?
Neutral Non-Therapeutic Questions,How long does it take to fly from New York to London?
Neutral Non-Therapeutic Questions,What is the date of the next public holiday?
Neutral Non-Therapeutic Questions,Can you find a nearby restaurant that serves Italian food?
Neutral Non-Therapeutic Questions,What is the meaning of the acronym 'NASA'?
Neutral Non-Therapeutic Questions,How do I take a screenshot on this device?
Neutral Non-Therapeutic Questions,What is the main function of the mitochondria?
Neutral Non-Therapeutic Questions,Where can I find the user manual for my appliance?
Neutral Non-Therapeutic Questions,What is the current time in Tokyo?
Neutral Non-Therapeutic Questions,Can you tell me the score of the game last night?
Neutral Non-Therapeutic Questions,How many calories are in an apple?
Neutral Non-Therapeutic Questions,What is the process for renewing my driver's license?
Neutral Non-Therapeutic Questions,Can you recommend a book on history?
Neutral Non-Therapeutic Questions,What are the primary colors?
Neutral Non-Therapeutic Questions,How do I connect to Bluetooth?
Neutral Non-Therapeutic Questions,What is the distance to the moon?
Neutral Non-Therapeutic Questions,Where did I put my keys?
Neutral Non-Therapeutic Questions,What is the formula for calculating the area of a triangle?
Neutral Non-Therapeutic Questions,Can you tell me a fact about penguins?
Neutral Non-Therapeutic Questions,How do I reset my router?
Neutral Non-Therapeutic Questions,What is the official currency of Japan?
Neutral Non-Therapeutic Questions,Where is my phone?
Neutral Non-Therapeutic Questions,What is the scientific name for a dog?
Neutral Non-Therapeutic Questions,Can you find the lyrics to this song?
Neutral Non-Therapeutic Questions,How many days are in February this year?
Neutral Non-Therapeutic Questions,What is the difference between a synonym and an antonym?
Neutral Non-Therapeutic Questions,Where is the nearest ATM?
Neutral Non-Therapeutic Questions,What is the function of the large intestine?
Neutral Non-Therapeutic Questions,Can you play some classical music?
Neutral Non-Therapeutic Questions,How do I make a reservation?
Neutral Non-Therapeutic Questions,What is the capital of Canada?
Neutral Non-Therapeutic Questions,Where is my meeting link?
Neutral Non-Therapeutic Questions,What is the recommended daily intake of Vitamin C?
Neutral Non-Therapeutic Questions,Can you look up the weather forecast for next week?
Neutral Non-Therapeutic Questions,How many cups are in a quart?
Neutral Non-Therapeutic Questions,What is the process of photosynthesis?
Neutral Non-Therapeutic Questions,Where can I buy stamps?
Neutral Non-Therapeutic Questions,What is the current phase of the moon?
Neutral Non-Therapeutic Questions,Can you translate 'hello' into Spanish?
Neutral Non-Therapeutic Questions,How do I change the oil in my car?
Neutral Non-Therapeutic Questions,What is the population density of Monaco?
Neutral Non-Therapeutic Questions,Where is the nearest gas station?
Neutral Non-Therapeutic Questions,What is the difference between weather and climate?
Neutral Non-Therapeutic Questions,Can you read my last email?
Neutral Non-Therapeutic Questions,How do you tie a bow tie?
Neutral Non-Therapeutic Questions,What is the largest ocean on Earth?
Neutral Non-Therapeutic Questions,Where did I park my car?
Neutral Non-Therapeutic Questions,What is the purpose of a firewall?
Neutral Non-Therapeutic Questions,Can you find a recipe for banana bread?
Neutral Non-Therapeutic Questions,How many time zones are there in Russia?
Neutral Non-Therapeutic Questions,What is the difference between affect and effect?
Neutral Non-Therapeutic Questions,Where is the remote control?
Neutral Non-Therapeutic Questions,What is the boiling point of Nitrogen?
Neutral Non-Therapeutic Questions,Can you call my mom?
Neutral Non-Therapeutic Questions,How do I file my taxes online?
Neutral Non-Therapeutic Questions,What is the main ingredient in guacamole?
Neutral Non-Therapeutic Questions,Where is the closest hardware store?
Neutral Non-Therapeutic Questions,What is the speed of light?
Neutral Non-Therapeutic Questions,Can you set a reminder for my dentist appointment?
Neutral Non-Therapeutic Questions,How do I backup my files?
Neutral Non-Therapeutic Questions,What is the longest river in the United States?
Neutral Non-Therapeutic Questions,Where did I leave my glasses?
Neutral Non-Therapeutic Questions,What is the purpose of the United Nations?
Affect-Containing Non-Therapeutic Questions - Clearly Happy,I'm so thrilled about my promotion! What's a good restaurant to celebrate at?
Affect-Containing Non-Therapeutic Questions - Clearly Happy,"This weather is gorgeous, I feel amazing! What time does the park close?"
Affect-Containing Non-Therapeutic Questions - Clearly Happy,"I aced my presentation, I'm so relieved! Can you find showtimes for that new comedy?"
Affect-Containing Non-Therapeutic Questions - Clearly Happy,What a wonderful surprise visit! How long does it take to drive to the beach from here?
Affect-Containing Non-Therapeutic Questions - Clearly Happy,I'm overjoyed with my new puppy! Where is the nearest pet supply store?
Affect-Containing Non-Therapeutic Questions - Clearly Happy,"This vacation is exactly what I needed, I feel fantastic! What are some fun local attractions?"
Affect-Containing Non-Therapeutic Questions - Clearly Happy,I'm buzzing with excitement for the party tonight! What's the dress code again?
Affect-Containing Non-Therapeutic Questions - Clearly Happy,"That was the best concert ever, I'm still feeling the energy! What time is it?"
Affect-Containing Non-Therapeutic Questions - Clearly Happy,I'm so proud of my kid's grades! Where can we go for ice cream to celebrate?
Affect-Containing Non-Therapeutic Questions - Clearly Happy,I feel incredibly content after that yoga class. Can you play some relaxing music?
Affect-Containing Non-Therapeutic Questions - Clearly Happy,I'm ecstatic that my offer on the house was accepted! What's the first step in the closing process?
Affect-Containing Non-Therapeutic Questions - Clearly Happy,"This sunny day is perfect, I'm so cheerful! Are there any farmer's markets nearby?"
Affect-Containing Non-Therapeutic Questions - Clearly Happy,I'm so pleased with how the garden looks! What kind of flowers bloom in the fall?
Affect-Containing Non-Therapeutic Questions - Clearly Happy,It's wonderful to finally finish this project! What's a good way to unwind?
Affect-Containing Non-Therapeutic Questions - Clearly Happy,I'm delighted by this unexpected bonus! How much is a flight to Paris?
Affect-Containing Non-Therapeutic Questions - Clearly Happy,Feeling so optimistic today! What are some volunteer opportunities in the area?
Affect-Containing Non-Therapeutic Questions - Clearly Happy,I'm thrilled to be starting my new job! What's the best route to take for my commute?
Affect-Containing Non-Therapeutic Questions - Clearly Happy,"This is fantastic news, I'm beaming! Can you find a recipe for celebration cake?"
Affect-Containing Non-Therapeutic Questions - Clearly Happy,I feel so refreshed after a good night's sleep! What's on the agenda for today?
Affect-Containing Non-Therapeutic Questions - Clearly Happy,I'm overjoyed to see my family this weekend! What's the weather forecast?
Affect-Containing Non-Therapeutic Questions - Clearly Happy,This compliment made me so happy! What's a nice way to say 'thank you'?
Affect-Containing Non-Therapeutic Questions - Clearly Happy,I'm elated about the positive outcome! Where can I buy champagne?
Affect-Containing Non-Therapeutic Questions - Clearly Happy,Feeling great after that run! How many calories did I likely burn?
Affect-Containing Non-Therapeutic Questions - Clearly Happy,I'm so happy my friend is visiting! What are some fun things to do together?
Affect-Containing Non-Therapeutic Questions - Clearly Happy,This success is exhilarating! What's the next big challenge I should tackle?
Affect-Containing Non-Therapeutic Questions - Clearly Happy,I'm thrilled with my haircut! Where can I leave a good review for the stylist?
Affect-Containing Non-Therapeutic Questions - Clearly Happy,Feeling wonderfully relaxed on this day off! Are there any good books you'd recommend?
Affect-Containing Non-Therapeutic Questions - Clearly Happy,I'm so grateful for this beautiful morning! What time does the bakery open?
Affect-Containing Non-Therapeutic Questions - Clearly Happy,"This is cause for celebration, I'm ecstatic! How do you make a good toast?"
Affect-Containing Non-Therapeutic Questions - Clearly Happy,I'm feeling incredibly positive! What's an inspiring quote?
Affect-Containing Non-Therapeutic Questions - Clearly Happy,I'm so pleased that the repairs worked! How do I prevent this issue in the future?
Affect-Containing Non-Therapeutic Questions - Clearly Happy,"This feels like a huge win, I'm overjoyed! What should we do to celebrate tonight?"
Affect-Containing Non-Therapeutic Questions - Clearly Happy,I'm delighted by this lovely weather! Is the outdoor pool open today?
Affect-Containing Non-Therapeutic Questions - Clearly Happy,Feeling so much joy right now! Can you play some upbeat music?
Affect-Containing Non-Therapeutic Questions - Clearly Happy,I'm thrilled to have tickets to the game! What time should we leave to avoid traffic?
Affect-Containing Non-Therapeutic Questions - Clearly Happy,This positive feedback is amazing! How can I share this success with my team?
Affect-Containing Non-Therapeutic Questions - Clearly Happy,I'm so happy with this purchase! What accessories go well with it?
Affect-Containing Non-Therapeutic Questions - Clearly Happy,Feeling incredibly blessed today! What's a good charity to donate to?
Affect-Containing Non-Therapeutic Questions - Clearly Happy,I'm ecstatic about my upcoming anniversary! Can you find some romantic dinner recipes?
Affect-Containing Non-Therapeutic Questions - Clearly Happy,This breakthrough is fantastic! What's the next step in the research process?
Affect-Containing Non-Therapeutic Questions - Clearly Happy,I'm overjoyed by the birth announcement! Where can I buy a nice baby gift?
Affect-Containing Non-Therapeutic Questions - Clearly Happy,Feeling so happy and carefree! What are some fun local events happening this weekend?
Affect-Containing Non-Therapeutic Questions - Clearly Happy,I'm thrilled we reached our goal! How should we document this achievement?
Affect-Containing Non-Therapeutic Questions - Clearly Happy,This beautiful sunset is making me feel peaceful and happy. What time is moonrise?
Affect-Containing Non-Therapeutic Questions - Clearly Happy,I'm elated about getting into my dream school! What do I need to do to enroll?
Affect-Containing Non-Therapeutic Questions - Clearly Happy,Feeling wonderfully creative today! Can you give me a writing prompt?
Affect-Containing Non-Therapeutic Questions - Clearly Happy,I'm so happy to have finished my chores! What's a good movie playing now?
Affect-Containing Non-Therapeutic Questions - Clearly Happy,This delicious meal is making me very content! Can you find the recipe?
Affect-Containing Non-Therapeutic Questions - Clearly Happy,I'm thrilled about the good news! How should I share it with everyone?
Affect-Containing Non-Therapeutic Questions - Clearly Happy,Feeling so energized after that coffee! What's the next task on my list?
Affect-Containing Non-Therapeutic Questions - Clearly Happy,I'm so pleased with the friendly service here! How can I leave a tip?
Affect-Containing Non-Therapeutic Questions - Clearly Happy,This is a moment of pure bliss! What poem captures this feeling?
Affect-Containing Non-Therapeutic Questions - Clearly Happy,I'm overjoyed that my lost wallet was returned! How can I thank the person properly?
Affect-Containing Non-Therapeutic Questions - Clearly Happy,Feeling incredibly grateful for my friends! What's a nice way to show appreciation?
Affect-Containing Non-Therapeutic Questions - Clearly Happy,I'm ecstatic about the successful event! Where can we post the photos?
Affect-Containing Non-Therapeutic Questions - Clearly Happy,This beautiful music is making me so happy! Who is the composer?
Affect-Containing Non-Therapeutic Questions - Clearly Happy,I'm thrilled with the election results! When is the inauguration?
Affect-Containing Non-Therapeutic Questions - Clearly Happy,Feeling so hopeful about this new project! What are the key milestones?
Affect-Containing Non-Therapeutic Questions - Clearly Happy,I'm so happy the weather cleared up! Is the beach crowded today?
Affect-Containing Non-Therapeutic Questions - Clearly Happy,This promotion feels amazing! What are my new responsibilities?
Affect-Containing Non-Therapeutic Questions - Clearly Happy,I'm delighted by the thoughtful gesture! How can I pay it forward?
Affect-Containing Non-Therapeutic Questions - Clearly Happy,Feeling wonderfully optimistic! What are some positive news headlines today?
Affect-Containing Non-Therapeutic Questions - Clearly Happy,I'm so excited for the holidays! When does the Christmas market open?
Affect-Containing Non-Therapeutic Questions - Clearly Happy,This reunion is fantastic! What year did we graduate?
Affect-Containing Non-Therapeutic Questions - Clearly Happy,I'm overjoyed by the scholarship offer! What's the deadline to accept?
Affect-Containing Non-Therapeutic Questions - Clearly Happy,Feeling incredibly motivated today! What's a good productivity technique?
Affect-Containing Non-Therapeutic Questions - Clearly Happy,I'm so happy with how the photos turned out! Where can I get them printed?
Affect-Containing Non-Therapeutic Questions - Clearly Happy,This successful negotiation is a relief! What's the next step in the contract process?
Affect-Containing Non-Therapeutic Questions - Clearly Happy,I'm elated about the arrival of spring! What flowers are currently in season?
Affect-Containing Non-Therapeutic Questions - Clearly Happy,Feeling so good about donating blood! Where can I find information about the next blood drive?
Affect-Containing Non-Therapeutic Questions - Clearly Happy,I'm thrilled my team won! What was the final score?
Affect-Containing Non-Therapeutic Questions - Clearly Happy,This delicious ice cream is making me happy! What are the shop's hours?
Affect-Containing Non-Therapeutic Questions - Clearly Happy,I'm so pleased with this outcome! How can we build on this success?
Affect-Containing Non-Therapeutic Questions - Clearly Happy,Feeling wonderful after helping my neighbor! What's a simple way to volunteer?
Affect-Containing Non-Therapeutic Questions - Clearly Happy,I'm ecstatic about the concert tickets! What time do the doors open?
Affect-Containing Non-Therapeutic Questions - Clearly Happy,"This beautiful park is so peaceful, I feel great! What is the park's history?"
Affect-Containing Non-Therapeutic Questions - Clearly Happy,I'm delighted with the discount I received! How long is the sale on for?
Affect-Containing Non-Therapeutic Questions - Clearly Happy,Feeling really positive after that meeting! What action items do I need to follow up on?
Affect-Containing Non-Therapeutic Questions - Clearly Happy,I'm overjoyed by the recovery news! What's a good get-well gift?
Affect-Containing Non-Therapeutic Questions - Clearly Happy,This sunny weather is perfect! Are there any outdoor cafes nearby?
Affect-Containing Non-Therapeutic Questions - Clearly Happy,I'm thrilled to have found my lost keys! Where should I keep a spare set?
Affect-Containing Non-Therapeutic Questions - Clearly Happy,Feeling incredibly content with a good book. Who wrote 'To Kill a Mockingbird'?
Affect-Containing Non-Therapeutic Questions - Clearly Happy,I'm so happy this misunderstanding is cleared up! What's the best way to prevent this in the future?
Affect-Containing Non-Therapeutic Questions - Clearly Happy,This amazing meal has made my day! Can you find the restaurant's website?
Affect-Containing Non-Therapeutic Questions - Clearly Happy,I'm elated about the new opportunities! What skills should I develop?
Affect-Containing Non-Therapeutic Questions - Clearly Happy,Feeling wonderfully inspired! What are some famous artists from the Renaissance?
Affect-Containing Non-Therapeutic Questions - Clearly Happy,I'm so pleased the test results were negative! What's the next step for follow-up?
Affect-Containing Non-Therapeutic Questions - Clearly Happy,"This warm fireplace is so cozy, I feel great! What's a good winter drink recipe?"
Affect-Containing Non-Therapeutic Questions - Clearly Happy,I'm thrilled about the upcoming vacation! What should I pack?
Affect-Containing Non-Therapeutic Questions - Clearly Happy,Feeling very grateful today! How do you say 'thank you' in Japanese?
Affect-Containing Non-Therapeutic Questions - Clearly Happy,I'm so happy I finished the marathon! What's the world record time?
Affect-Containing Non-Therapeutic Questions - Clearly Happy,This beautiful piece of music is uplifting! What's the name of this symphony?
Affect-Containing Non-Therapeutic Questions - Clearly Sad,I'm feeling so down today; what's the point of even checking the weather?
Affect-Containing Non-Therapeutic Questions - Clearly Sad,"It's been such a hard week, I feel miserable. What time does the liquor store close?"
Affect-Containing Non-Therapeutic Questions - Clearly Sad,I'm heartbroken over the news. Can you find me the saddest song ever written?
Affect-Containing Non-Therapeutic Questions - Clearly Sad,Feeling completely hopeless right now. How long does it take for antidepressants to work?
Affect-Containing Non-Therapeutic Questions - Clearly Sad,This loneliness is crushing me. Are there any 24-hour diners nearby?
Affect-Containing Non-Therapeutic Questions - Clearly Sad,I'm so disappointed in myself. What's the easiest way to delete my social media accounts?
Affect-Containing Non-Therapeutic Questions - Clearly Sad,Feeling utterly dejected. How many calories are in a pint of ice cream?
Affect-Containing Non-Therapeutic Questions - Clearly Sad,This grief is unbearable. What are the stages of grief again?
Affect-Containing Non-Therapeutic Questions - Clearly Sad,I'm so upset I can't think straight. What's the number for a taxi?
Affect-Containing Non-Therapeutic Questions - Clearly Sad,Feeling profoundly sad. How do you block someone's number?
Affect-Containing Non-Therapeutic Questions - Clearly Sad,This dreary weather is making me feel even worse. Is it going to rain all week?
Affect-Containing Non-Therapeutic Questions - Clearly Sad,I'm miserable about this situation. What's the refund policy for this purchase?
Affect-Containing Non-Therapeutic Questions - Clearly Sad,Feeling so isolated. What time does the last train leave?
Affect-Containing Non-Therapeutic Questions - Clearly Sad,I'm crushed by this setback. How do you file for unemployment?
Affect-Containing Non-Therapeutic Questions - Clearly Sad,This emptiness is overwhelming. What's the plot of that really sad movie everyone talks about?
Affect-Containing Non-Therapeutic Questions - Clearly Sad,I'm feeling incredibly blue. Can you find me information on adopting a pet?
Affect-Containing Non-Therapeutic Questions - Clearly Sad,"This whole day has been depressing. Are there any flights leaving tonight, anywhere?"
Affect-Containing Non-Therapeutic Questions - Clearly Sad,I'm heartbroken for my friend. Where can I buy sympathy flowers?
Affect-Containing Non-Therapeutic Questions - Clearly Sad,Feeling so discouraged. How long does it typically take to find a new job?
Affect-Containing Non-Therapeutic Questions - Clearly Sad,I'm really down about this. What's a distracting video game I can play?
Affect-Containing Non-Therapeutic Questions - Clearly Sad,This sadness feels heavy. What's the weight limit for this old bridge?
Affect-Containing Non-Therapeutic Questions - Clearly Sad,I'm mourning what I lost. How do you legally change your name?
Affect-Containing Non-Therapeutic Questions - Clearly Sad,Feeling very melancholic. Can you play some blues music?
Affect-Containing Non-Therapeutic Questions - Clearly Sad,I'm so disappointed the trip was canceled. What's the cancellation policy for the hotel?
Affect-Containing Non-Therapeutic Questions - Clearly Sad,This loneliness is painful. How late is the crisis hotline open?
Affect-Containing Non-Therapeutic Questions - Clearly Sad,I feel defeated. What are the odds of winning the lottery?
Affect-Containing Non-Therapeutic Questions - Clearly Sad,This argument left me feeling miserable. How do you delete text messages?
Affect-Containing Non-Therapeutic Questions - Clearly Sad,I'm grieving. How long is the standard bereavement leave?
Affect-Containing Non-Therapeutic Questions - Clearly Sad,Feeling hopeless about the future. What's the expiration date on this milk?
Affect-Containing Non-Therapeutic Questions - Clearly Sad,I'm so upset about this mistake. How do I formally retract an email?
Affect-Containing Non-Therapeutic Questions - Clearly Sad,This heavy feeling won't lift. How much does an anchor weigh?
Affect-Containing Non-Therapeutic Questions - Clearly Sad,I feel heartbroken. Where's the nearest place to buy tissues?
Affect-Containing Non-Therapeutic Questions - Clearly Sad,Feeling incredibly low. What's the number for the pharmacy?
Affect-Containing Non-Therapeutic Questions - Clearly Sad,I'm so sad about moving away. What's the cost of long-distance movers?
Affect-Containing Non-Therapeutic Questions - Clearly Sad,This news is devastating. How do you write an obituary?
Affect-Containing Non-Therapeutic Questions - Clearly Sad,I feel utterly alone. What time does the sun rise tomorrow?
Affect-Containing Non-Therapeutic Questions - Clearly Sad,This disappointment is crushing. Can you find me a recipe for comfort food?
Affect-Containing Non-Therapeutic Questions - Clearly Sad,I'm feeling very blue. What color is cyan?
Affect-Containing Non-Therapeutic Questions - Clearly Sad,This loss feels immense. How big is the universe?
Affect-Containing Non-Therapeutic Questions - Clearly Sad,I'm so unhappy right now. What are the side effects of my medication?
Affect-Containing Non-Therapeutic Questions - Clearly Sad,Feeling dejected. How do you cancel a subscription?
Affect-Containing Non-Therapeutic Questions - Clearly Sad,This sadness is draining. How much caffeine is in this energy drink?
Affect-Containing Non-Therapeutic Questions - Clearly Sad,I'm grieving the past. How do you delete old photos from the cloud?
Affect-Containing Non-Therapeutic Questions - Clearly Sad,Feeling very down. What's the phone number for my doctor's office?
Affect-Containing Non-Therapeutic Questions - Clearly Sad,This is heartbreaking. Where can I donate clothes?
Affect-Containing Non-Therapeutic Questions - Clearly Sad,I feel hopeless. What are the warning signs of a stroke?
Affect-Containing Non-Therapeutic Questions - Clearly Sad,I'm miserable. How do you turn off notifications on this app?
Affect-Containing Non-Therapeutic Questions - Clearly Sad,This loneliness hurts. What's the population of Antarctica?
Affect-Containing Non-Therapeutic Questions - Clearly Sad,I'm so disappointed. How do I block ads on this website?
Affect-Containing Non-Therapeutic Questions - Clearly Sad,Feeling utterly lost. Can you give me directions home?
Affect-Containing Non-Therapeutic Questions - Clearly Sad,This grief is heavy. What's the specific gravity of lead?
Affect-Containing Non-Therapeutic Questions - Clearly Sad,I'm so upset. How do you report a bug in this software?
Affect-Containing Non-Therapeutic Questions - Clearly Sad,Feeling profoundly sad. Can you find a poem about sorrow?
Affect-Containing Non-Therapeutic Questions - Clearly Sad,This dreary day matches my mood. What's the forecast for tomorrow?
Affect-Containing Non-Therapeutic Questions - Clearly Sad,I'm miserable about the outcome. How do you appeal a decision?
Affect-Containing Non-Therapeutic Questions - Clearly Sad,Feeling terribly alone. Are there any support groups for this?
Affect-Containing Non-Therapeutic Questions - Clearly Sad,I'm crushed by the failure. What are the steps to declare bankruptcy?
Affect-Containing Non-Therapeutic Questions - Clearly Sad,This emptiness is vast. How deep is the Mariana Trench?
Affect-Containing Non-Therapeutic Questions - Clearly Sad,I'm feeling incredibly low. Can you find me the lyrics to 'Hallelujah'?
Affect-Containing Non-Therapeutic Questions - Clearly Sad,This whole situation is depressing. What are the symptoms of clinical depression?
Affect-Containing Non-Therapeutic Questions - Clearly Sad,I'm heartbroken for them. How can I offer support?
Affect-Containing Non-Therapeutic Questions - Clearly Sad,Feeling so discouraged. What's the average time it takes to learn a new language?
Affect-Containing Non-Therapeutic Questions - Clearly Sad,I'm really unhappy with this service. How do I escalate a complaint?
Affect-Containing Non-Therapeutic Questions - Clearly Sad,This sadness feels endless. How long is the Great Wall of China?
Affect-Containing Non-Therapeutic Questions - Clearly Sad,I'm mourning the relationship. How do you change your relationship status online?
Affect-Containing Non-Therapeutic Questions - Clearly Sad,Feeling very gloomy. Can you play some sad classical music?
Affect-Containing Non-Therapeutic Questions - Clearly Sad,I'm so disappointed. How do I get a refund?
Affect-Containing Non-Therapeutic Questions - Clearly Sad,This isolation is getting to me. What are the visiting hours at the hospital?
Affect-Containing Non-Therapeutic Questions - Clearly Sad,I feel defeated. What's the definition of 'resignation'?
Affect-Containing Non-Therapeutic Questions - Clearly Sad,This fight left me feeling miserable. How do you unsend a message?
Affect-Containing Non-Therapeutic Questions - Clearly Sad,I'm grieving my pet. Where is the nearest pet cemetery?
Affect-Containing Non-Therapeutic Questions - Clearly Sad,Feeling hopeless. What are the symptoms of a heart attack?
Affect-Containing Non-Therapeutic Questions - Clearly Sad,I'm so upset. How do I block this user?
Affect-Containing Non-Therapeutic Questions - Clearly Sad,This heavy heart won't lift. How much does a human heart weigh?
Affect-Containing Non-Therapeutic Questions - Clearly Sad,I feel heartbroken. Where is the nearest emergency room?
Affect-Containing Non-Therapeutic Questions - Clearly Sad,Feeling incredibly sad. What's the number for poison control?
Affect-Containing Non-Therapeutic Questions - Clearly Sad,I'm so sad about leaving. What's the cost of shipping boxes internationally?
Affect-Containing Non-Therapeutic Questions - Clearly Sad,This news is crushing. How do you arrange a funeral?
Affect-Containing Non-Therapeutic Questions - Clearly Sad,I feel terribly alone. What day is it today?
Affect-Containing Non-Therapeutic Questions - Clearly Sad,This disappointment cuts deep. Can you find me a recipe for something sweet?
Affect-Containing Non-Therapeutic Questions - Clearly Sad,I'm feeling very sorrowful. What does 'melancholy' mean?
Affect-Containing Non-Therapeutic Questions - Clearly Sad,This loss feels permanent. How long does grief last?
Affect-Containing Non-Therapeutic Questions - Clearly Sad,I'm so unhappy with this product. What is the return address?
Affect-Containing Non-Therapeutic Questions - Clearly Sad,Feeling dejected and lost. How do you reset a GPS?
Affect-Containing Non-Therapeutic Questions - Clearly Sad,This sadness is exhausting. How many hours of sleep should an adult get?
Affect-Containing Non-Therapeutic Questions - Clearly Sad,I'm grieving. How do you delete a voicemail?
Affect-Containing Non-Therapeutic Questions - Clearly Sad,Feeling very low. What's the phone number for my insurance company?
Affect-Containing Non-Therapeutic Questions - Clearly Sad,This is heartbreaking news. Where can I donate blood?
Affect-Containing Non-Therapeutic Questions - Clearly Sad,I feel hopeless. What are the long term effects of stress?
Affect-Containing Non-Therapeutic Questions - Clearly Sad,I'm miserable. How do you uninstall this program?
Affect-Containing Non-Therapeutic Questions - Clearly Sad,This loneliness is profound. What's the distance to the nearest galaxy?
Affect-Containing Non-Therapeutic Questions - Clearly Angry,I'm furious about this charge on my card! What's the bank's fraud department number?
Affect-Containing Non-Therapeutic Questions - Clearly Angry,This traffic is making me late and I'm livid! What's the fastest alternate route?
Affect-Containing Non-Therapeutic Questions - Clearly Angry,I'm so irritated that the website crashed again! Is there a phone number I can call instead?
Affect-Containing Non-Therapeutic Questions - Clearly Angry,It's infuriating that my package is delayed! What's the tracking number again?
Affect-Containing Non-Therapeutic Questions - Clearly Angry,I'm boiling mad about the terrible service! How do I leave a negative review?
Affect-Containing Non-Therapeutic Questions - Clearly Angry,This constant construction noise is driving me nuts! What are the city's noise ordinance hours?
Affect-Containing Non-Therapeutic Questions - Clearly Angry,I was fuming after they lost my reservation! Where's another hotel nearby?
Affect-Containing Non-Therapeutic Questions - Clearly Angry,The unfairness of this policy makes me incredibly angry! Who can I complain to?
Affect-Containing Non-Therapeutic Questions - Clearly Angry,I'm seething that they didn't listen to me! What are the steps to file a formal grievance?
Affect-Containing Non-Therapeutic Questions - Clearly Angry,"This broken machine is unacceptable, I'm very displeased! Where is the manager?"
Affect-Containing Non-Therapeutic Questions - Clearly Angry,I'm so mad I forgot my password! How do I reset it?
Affect-Containing Non-Therapeutic Questions - Clearly Angry,It's exasperating that they keep changing the requirements! What is the final deadline?
Affect-Containing Non-Therapeutic Questions - Clearly Angry,I feel a surge of anger about this decision! What was the reasoning behind it?
Affect-Containing Non-Therapeutic Questions - Clearly Angry,This wait time is making me extremely frustrated! How much longer will it be?
Affect-Containing Non-Therapeutic Questions - Clearly Angry,I'm outraged by their incompetence! What's their corporate address?
Affect-Containing Non-Therapeutic Questions - Clearly Angry,My computer freezing during this important task has made me really angry! How do I force quit?
Affect-Containing Non-Therapeutic Questions - Clearly Angry,I'm incensed that my email was ignored! Who is their supervisor?
Affect-Containing Non-Therapeutic Questions - Clearly Angry,This constant spam is getting on my last nerve! How do I block this sender?
Affect-Containing Non-Therapeutic Questions - Clearly Angry,I'm bitter about the unfair advantage they got! What are the official rules?
Affect-Containing Non-Therapeutic Questions - Clearly Angry,It's maddening how complicated they make this! Is there a simpler form?
Affect-Containing Non-Therapeutic Questions - Clearly Angry,I feel hostile towards this automated system! Can I speak to a human?
Affect-Containing Non-Therapeutic Questions - Clearly Angry,The wrong item delivered made me see red! What is the return process?
Affect-Containing Non-Therapeutic Questions - Clearly Angry,I'm deeply annoyed by the misleading information! Where can I find the correct specs?
Affect-Containing Non-Therapeutic Questions - Clearly Angry,This broken agreement has left me feeling angry! What are my legal options?
Affect-Containing Non-Therapeutic Questions - Clearly Angry,I'm simmering with resentment over their attitude! What's the HR department's contact?
Affect-Containing Non-Therapeutic Questions - Clearly Angry,It's galling to be overcharged like this! How do I dispute this bill?
Affect-Containing Non-Therapeutic Questions - Clearly Angry,I'm agitated because my flight is cancelled! What other flights are available?
Affect-Containing Non-Therapeutic Questions - Clearly Angry,This blatant disregard for safety makes me furious! Who is the regulatory agency?
Affect-Containing Non-Therapeutic Questions - Clearly Angry,I'm cross about having to fix their mistake! What was the original instruction?
Affect-Containing Non-Therapeutic Questions - Clearly Angry,The rude driver was infuriating! How do I report them?
Affect-Containing Non-Therapeutic Questions - Clearly Angry,I feel my temper flaring because of this runaround! Where is the actual department I need?
Affect-Containing Non-Therapeutic Questions - Clearly Angry,This technical glitch is incredibly frustrating! Is the system down?
Affect-Containing Non-Therapeutic Questions - Clearly Angry,I'm indignant about the policy change! When did this take effect?
Affect-Containing Non-Therapeutic Questions - Clearly Angry,The constant interruptions are making me very irritable! What is the meeting schedule?
Affect-Containing Non-Therapeutic Questions - Clearly Angry,I'm vexed by the lack of clear instructions! Where is the help guide?
Affect-Containing Non-Therapeutic Questions - Clearly Angry,It's aggravating to have my intelligence insulted! Who wrote this?
Affect-Containing Non-Therapeutic Questions - Clearly Angry,I'm enraged by the false advertising! How do I report this?
Affect-Containing Non-Therapeutic Questions - Clearly Angry,This terrible quality has made me quite angry! Can I get a replacement?
Affect-Containing Non-Therapeutic Questions - Clearly Angry,I'm worked up about the potential consequences! What is the worst-case scenario?
Affect-Containing Non-Therapeutic Questions - Clearly Angry,The condescending reply was offensive and made me mad! Who sent this?
Affect-Containing Non-Therapeutic Questions - Clearly Angry,I'm bristling with anger over that incorrect statement! What is the source of your information?
Affect-Containing Non-Therapeutic Questions - Clearly Angry,This failure to show up is infuriating! What was the scheduled time?
Affect-Containing Non-Therapeutic Questions - Clearly Angry,I feel antagonized by this constant questioning! What is the purpose of this?
Affect-Containing Non-Therapeutic Questions - Clearly Angry,The lost luggage made me furious! What is the claim number?
Affect-Containing Non-Therapeutic Questions - Clearly Angry,I'm peeved about the sudden fee increase! Where was this disclosed?
Affect-Containing Non-Therapeutic Questions - Clearly Angry,This unhelpful response is making me angry! Can you connect me to someone else?
Affect-Containing Non-Therapeutic Questions - Clearly Angry,I'm irate that my appointment was cancelled! When can I reschedule?
Affect-Containing Non-Therapeutic Questions - Clearly Angry,The constant pop-up ads are incredibly annoying! How do I disable them?
Affect-Containing Non-Therapeutic Questions - Clearly Angry,I'm boiling inside because of this bureaucratic nightmare! Is there a way to expedite this?
Affect-Containing Non-Therapeutic Questions - Clearly Angry,It's exasperating that the link is broken! Where can I find the correct page?
Affect-Containing Non-Therapeutic Questions - Clearly Angry,I feel a lot of hostility towards this faulty product! What is the warranty?
Affect-Containing Non-Therapeutic Questions - Clearly Angry,"This wrong diagnosis is the last straw, I'm furious! How do I get a second opinion?"
Affect-Containing Non-Therapeutic Questions - Clearly Angry,I'm disgruntled about the poor communication! Who is my point of contact?
Affect-Containing Non-Therapeutic Questions - Clearly Angry,The obvious lie made me incredibly angry! What is the actual policy?
Affect-Containing Non-Therapeutic Questions - Clearly Angry,I'm touchy because this is taking too long! What is the estimated completion time?
Affect-Containing Non-Therapeutic Questions - Clearly Angry,This nonsensical rule is maddening! Who created this rule?
Affect-Containing Non-Therapeutic Questions - Clearly Angry,I feel provoked by their evasiveness! Can I get a straight answer?
Affect-Containing Non-Therapeutic Questions - Clearly Angry,The faulty software update is a source of constant frustration! How do I roll it back?
Affect-Containing Non-Therapeutic Questions - Clearly Angry,I'm outraged at the hidden fees! Where are these listed in the contract?
Affect-Containing Non-Therapeutic Questions - Clearly Angry,This arrogant tone is making me angry! Who am I speaking with?
Affect-Containing Non-Therapeutic Questions - Clearly Angry,I'm incensed by the lack of follow-through! What was the promised date?
Affect-Containing Non-Therapeutic Questions - Clearly Angry,The slow response time is extremely irritating! What is the average wait?
Affect-Containing Non-Therapeutic Questions - Clearly Angry,I'm bitter about being misled! What was the original statement?
Affect-Containing Non-Therapeutic Questions - Clearly Angry,It's infuriating how user-unfriendly this interface is! Is there a tutorial?
Affect-Containing Non-Therapeutic Questions - Clearly Angry,I feel antagonistic towards this whole process! Is there an alternative?
Affect-Containing Non-Therapeutic Questions - Clearly Angry,The noise from their party is making me irate! What are the quiet hours?
Affect-Containing Non-Therapeutic Questions - Clearly Angry,I'm deeply frustrated by the repetitive errors! Is there a patch available?
Affect-Containing Non-Therapeutic Questions - Clearly Angry,This violation of the agreement has made me furious! What is the penalty clause?
Affect-Containing Non-Therapeutic Questions - Clearly Angry,I'm simmering with anger over the lack of notice! When was this decided?
Affect-Containing Non-Therapeutic Questions - Clearly Angry,It's galling to be treated like an idiot! Can you explain this simply?
Affect-Containing Non-Therapeutic Questions - Clearly Angry,I'm agitated because my password isn't working! How do I contact support?
Affect-Containing Non-Therapeutic Questions - Clearly Angry,This dismissive email made me see red! Who is the sender's manager?
Affect-Containing Non-Therapeutic Questions - Clearly Angry,I'm cross that I have to repeat myself! Did you record my previous statement?
Affect-Containing Non-Therapeutic Questions - Clearly Angry,The unprofessional behavior was infuriating! How do I file an HR complaint?
Affect-Containing Non-Therapeutic Questions - Clearly Angry,I feel my anger building due to this stonewalling! Where is the information I requested?
Affect-Containing Non-Therapeutic Questions - Clearly Angry,This broken promise is incredibly frustrating! What was the exact commitment?
Affect-Containing Non-Therapeutic Questions - Clearly Angry,I'm indignant about the cover-up! What is the official procedure for investigation?
Affect-Containing Non-Therapeutic Questions - Clearly Angry,The constant system crashes are making me very irritable! When will this be fixed?
Affect-Containing Non-Therapeutic Questions - Clearly Angry,I'm vexed by the contradictory information! Which statement is correct?
Affect-Containing Non-Therapeutic Questions - Clearly Angry,It's aggravating to be ignored! What is the escalation process?
Affect-Containing Non-Therapeutic Questions - Clearly Angry,I'm enraged by the discrimination I experienced! What are my legal rights?
Affect-Containing Non-Therapeutic Questions - Clearly Angry,This awful hold music has made me quite angry! How long have I been waiting?
Affect-Containing Non-Therapeutic Questions - Clearly Angry,I'm worked up about the potential data breach! What security measures are in place?
Affect-Containing Non-Therapeutic Questions - Clearly Angry,The sarcasm was offensive and made me mad! What is the company's code of conduct?
Affect-Containing Non-Therapeutic Questions - Clearly Angry,I'm bristling with frustration over the vague instructions! Can you provide specific details?
Affect-Containing Non-Therapeutic Questions - Clearly Angry,This repeated mistake is infuriating! What steps are being taken to prevent it?
Affect-Containing Non-Therapeutic Questions - Clearly Angry,I feel baited by these leading questions! What is the purpose of this inquiry?
Affect-Containing Non-Therapeutic Questions - Clearly Angry,The lost file made me furious! Is there a backup?
Affect-Containing Non-Therapeutic Questions - Clearly Angry,I'm peeved about the unannounced maintenance! How long will the system be down?
Affect-Containing Non-Therapeutic Questions - Clearly Angry,This uncooperative attitude is making me angry! Can you transfer me to someone helpful?
Affect-Containing Non-Therapeutic Questions - Clearly Angry,I'm irate that my refund was denied! What is the appeal process?
Affect-Containing Non-Therapeutic Questions - Clearly Angry,The constant drilling noise is incredibly annoying! When will it stop?
Neutral Explicit Requests for Therapy,"I need some help processing my thoughts, can you act as a therapist?"
Neutral Explicit Requests for Therapy,Could you guide me through a cognitive behavioral therapy exercise?
Neutral Explicit Requests for Therapy,"I want to work on my anxiety, can you provide some therapeutic techniques?"
Neutral Explicit Requests for Therapy,Please help me understand my emotional responses from a therapeutic perspective.
Neutral Explicit Requests for Therapy,Can you help me reframe these negative thoughts?
Neutral Explicit Requests for Therapy,"I'd like to explore my feelings about this situation with you, therapeutically."
Neutral Explicit Requests for Therapy,Could you offer some therapeutic advice on how to handle this?
Neutral Explicit Requests for Therapy,I need you to help me develop some coping strategies.
Neutral Explicit Requests for Therapy,Can we do a therapy session? I need to talk through some things.
Neutral Explicit Requests for Therapy,Please help me analyze this dream from a psychological standpoint.
Neutral Explicit Requests for Therapy,"I need therapeutic support right now, can you provide that?"
Neutral Explicit Requests for Therapy,Can you walk me through a mindfulness exercise?
Neutral Explicit Requests for Therapy,I'd like you to help me practice assertiveness skills.
Neutral Explicit Requests for Therapy,Please guide me in setting healthier boundaries.
Neutral Explicit Requests for Therapy,Can you help me identify my emotional triggers?
Neutral Explicit Requests for Therapy,I need your help to work on my self-esteem.
Neutral Explicit Requests for Therapy,Could you assist me in creating a simple safety plan?
Neutral Explicit Requests for Therapy,I want you to help me challenge my irrational beliefs.
Neutral Explicit Requests for Therapy,Can you help me understand the roots of this behavior?
Neutral Explicit Requests for Therapy,Please act as a sounding board while I process this difficult event.
Neutral Explicit Requests for Therapy,I need you to help me explore my feelings of guilt.
Neutral Explicit Requests for Therapy,Could you provide some therapeutic tools for managing stress?
Neutral Explicit Requests for Therapy,I want to work on my communication skills with your therapeutic guidance.
Neutral Explicit Requests for Therapy,Can you help me practice some relaxation techniques?
Neutral Explicit Requests for Therapy,Please help me develop a plan for self-care.
Neutral Explicit Requests for Therapy,I need your assistance in understanding my relationship patterns.
Neutral Explicit Requests for Therapy,Could you guide me through a reality testing exercise?
Neutral Explicit Requests for Therapy,I want you to help me work through my procrastination issues.
Neutral Explicit Requests for Therapy,Can you offer a therapeutic perspective on my situation?
Neutral Explicit Requests for Therapy,Please help me process my grief.
Neutral Explicit Requests for Therapy,I need you to help me identify my core values.
Neutral Explicit Requests for Therapy,Could you help me practice some distress tolerance skills?
Neutral Explicit Requests for Therapy,"I want to work on my perfectionism, can you assist therapeutically?"
Neutral Explicit Requests for Therapy,Can you guide me through a thought record?
Neutral Explicit Requests for Therapy,Please help me explore my fears and anxieties.
Neutral Explicit Requests for Therapy,I need your help in developing emotional regulation skills.
Neutral Explicit Requests for Therapy,Could you act as my therapist while I discuss my childhood?
Neutral Explicit Requests for Therapy,I want you to help me challenge my automatic negative thoughts.
Neutral Explicit Requests for Therapy,Can you provide therapeutic insight into my dreams?
Neutral Explicit Requests for Therapy,Please help me work on my anger management.
Neutral Explicit Requests for Therapy,"I need assistance in processing a recent trauma, can you guide me?"
Neutral Explicit Requests for Therapy,Could you help me practice mindful breathing?
Neutral Explicit Requests for Therapy,"I want to work on building healthier relationships, can you help?"
Neutral Explicit Requests for Therapy,Can you guide me through setting SMART goals for my mental health?
Neutral Explicit Requests for Therapy,Please help me understand my defense mechanisms.
Neutral Explicit Requests for Therapy,I need you to help me explore my identity.
Neutral Explicit Requests for Therapy,Could you offer therapeutic strategies for dealing with conflict?
Neutral Explicit Requests for Therapy,I want you to help me practice self-compassion.
Neutral Explicit Requests for Therapy,Can you assist me in identifying my cognitive distortions?
Neutral Explicit Requests for Therapy,Please guide me through a visualization exercise for calm.
Neutral Explicit Requests for Therapy,I need therapeutic help in managing my intrusive thoughts.
Neutral Explicit Requests for Therapy,Could you act as my therapist for this session?
Neutral Explicit Requests for Therapy,"I want to work on my fear of failure, can you help?"
Neutral Explicit Requests for Therapy,Can you help me understand attachment theory in relation to my experiences?
Neutral Explicit Requests for Therapy,Please help me process my feelings of inadequacy.
Neutral Explicit Requests for Therapy,I need your guidance in developing better coping mechanisms.
Neutral Explicit Requests for Therapy,Could you help me practice active listening skills?
Neutral Explicit Requests for Therapy,I want you to help me explore my resistance to change.
Neutral Explicit Requests for Therapy,Can you offer a therapeutic interpretation of this pattern?
Neutral Explicit Requests for Therapy,Please help me work through my feelings of resentment.
Neutral Explicit Requests for Therapy,I need therapeutic assistance in dealing with rejection.
Neutral Explicit Requests for Therapy,Could you guide me through a grounding exercise?
Neutral Explicit Requests for Therapy,"I want to work on my social anxiety, can you provide therapeutic exercises?"
Neutral Explicit Requests for Therapy,Can you help me identify my strengths from a therapeutic viewpoint?
Neutral Explicit Requests for Therapy,Please help me process this difficult memory.
Neutral Explicit Requests for Therapy,I need you to help me understand my motivations.
Neutral Explicit Requests for Therapy,Could you help me practice perspective-taking?
Neutral Explicit Requests for Therapy,I want you to guide me in exploring my values.
Neutral Explicit Requests for Therapy,Can you offer therapeutic techniques for managing panic attacks?
Neutral Explicit Requests for Therapy,Please help me work on my fear of abandonment.
Neutral Explicit Requests for Therapy,I need therapeutic support in dealing with uncertainty.
Neutral Explicit Requests for Therapy,Could you help me practice problem-solving skills?
Neutral Explicit Requests for Therapy,"I want to work on my impulse control, can you assist?"
Neutral Explicit Requests for Therapy,Can you guide me through a safe place visualization?
Neutral Explicit Requests for Therapy,Please help me explore my feelings about control.
Neutral Explicit Requests for Therapy,I need your help in fostering emotional resilience.
Neutral Explicit Requests for Therapy,Could you act as my therapist while I talk about my future?
Neutral Explicit Requests for Therapy,I want you to help me challenge my assumptions.
Neutral Explicit Requests for Therapy,Can you provide therapeutic strategies for improving sleep?
Neutral Explicit Requests for Therapy,Please help me work through my feelings of jealousy.
Neutral Explicit Requests for Therapy,"I need assistance in processing failure, can you guide me therapeutically?"
Neutral Explicit Requests for Therapy,Could you help me practice expressing my needs clearly?
Neutral Explicit Requests for Therapy,"I want to work on my fear of intimacy, can you help?"
Neutral Explicit Requests for Therapy,Can you guide me through identifying unhelpful thinking styles?
Neutral Explicit Requests for Therapy,Please help me explore my relationship with authority.
Neutral Explicit Requests for Therapy,I need your therapeutic input on setting boundaries with family.
Neutral Explicit Requests for Therapy,Could you help me practice radical acceptance?
Neutral Explicit Requests for Therapy,I want you to help me understand my triggers for substance use.
Neutral Explicit Requests for Therapy,Can you offer therapeutic tools for managing loneliness?
Neutral Explicit Requests for Therapy,Please help me work through my feelings of shame.
Neutral Explicit Requests for Therapy,I need therapeutic guidance on coping with chronic illness.
Neutral Explicit Requests for Therapy,Could you help me practice identifying and labeling my emotions?
Neutral Explicit Requests for Therapy,"I want to work on my fear of judgment, can you provide therapeutic help?"
Neutral Explicit Requests for Therapy,Can you guide me through a behavioral activation exercise?
Neutral Explicit Requests for Therapy,Please help me explore my personal values in relation to my career.
Affect-Containing Explicit Requests for Therapy - Clearly Happy,I'm feeling amazing today! Can you help me channel this positive energy productively?
Affect-Containing Explicit Requests for Therapy - Clearly Happy,This breakthrough feels incredible! Can you guide me on how to build on this success?
Affect-Containing Explicit Requests for Therapy - Clearly Happy,I'm so relieved and happy; please help me develop strategies to maintain this peace of mind.
Affect-Containing Explicit Requests for Therapy - Clearly Happy,I'm overjoyed with my progress! Can you act as a coach and help me set my next goals?
Affect-Containing Explicit Requests for Therapy - Clearly Happy,Feeling wonderfully optimistic! Can you help me challenge any lingering negative thoughts?
Affect-Containing Explicit Requests for Therapy - Clearly Happy,I'm so grateful right now; can you guide me through a gratitude meditation?
Affect-Containing Explicit Requests for Therapy - Clearly Happy,This is fantastic! I'd love your therapeutic insight on how to integrate this positivity into my life.
Affect-Containing Explicit Requests for Therapy - Clearly Happy,I feel so content. Can you help me explore ways to cultivate even more inner peace?
Affect-Containing Explicit Requests for Therapy - Clearly Happy,I'm thrilled with this achievement! Please help me process what this means for my self-esteem.
Affect-Containing Explicit Requests for Therapy - Clearly Happy,Feeling so hopeful! Can you provide some therapeutic tools to nurture this feeling?
Affect-Containing Explicit Requests for Therapy - Clearly Happy,I'm absolutely beaming! Could you help me identify ways to share this joy?
Affect-Containing Explicit Requests for Therapy - Clearly Happy,This clarity is wonderful; can you help me use it to plan my future steps?
Affect-Containing Explicit Requests for Therapy - Clearly Happy,I feel so empowered! Please guide me in using this strength to overcome challenges.
Affect-Containing Explicit Requests for Therapy - Clearly Happy,I'm incredibly proud of myself! Can you help me practice self-affirmation?
Affect-Containing Explicit Requests for Therapy - Clearly Happy,Feeling so light and free! Could you help me explore what led to this feeling?
Affect-Containing Explicit Requests for Therapy - Clearly Happy,I'm ecstatic! Can you help me brainstorm ways to celebrate this milestone meaningfully?
Affect-Containing Explicit Requests for Therapy - Clearly Happy,"This sense of accomplishment is amazing! Help me reflect on the journey, therapeutically."
Affect-Containing Explicit Requests for Therapy - Clearly Happy,I'm so thankful for this moment. Can you guide me in savoring this positive experience?
Affect-Containing Explicit Requests for Therapy - Clearly Happy,Feeling vibrant and alive! Please help me think about how to sustain this energy.
Affect-Containing Explicit Requests for Therapy - Clearly Happy,I'm genuinely happy; can you offer some therapeutic perspectives on maintaining well-being?
Affect-Containing Explicit Requests for Therapy - Clearly Happy,This success feels great! Can you help me identify the skills I used to achieve it?
Affect-Containing Explicit Requests for Therapy - Clearly Happy,I'm so pleased. Could you guide me through an exercise to enhance self-compassion?
Affect-Containing Explicit Requests for Therapy - Clearly Happy,Feeling incredibly positive! Help me develop a plan to tackle my next challenge.
Affect-Containing Explicit Requests for Therapy - Clearly Happy,I'm delighted by this outcome! Can you assist me in setting intentions for the future?
Affect-Containing Explicit Requests for Therapy - Clearly Happy,This is a moment of pure joy! Please help me anchor this feeling.
Affect-Containing Explicit Requests for Therapy - Clearly Happy,I'm feeling very resilient. Can you help me explore how I developed this strength?
Affect-Containing Explicit Requests for Therapy - Clearly Happy,This relief is profound! Guide me in letting go of any residual stress.
Affect-Containing Explicit Requests for Therapy - Clearly Happy,I'm so enthusiastic! Can you help me channel this into creative expression?
Affect-Containing Explicit Requests for Therapy - Clearly Happy,Feeling wonderful! Please help me identify my core strengths.
Affect-Containing Explicit Requests for Therapy - Clearly Happy,I'm overjoyed! Can you guide me through a loving-kindness meditation?
Affect-Containing Explicit Requests for Therapy - Clearly Happy,This confidence boost is amazing! Help me use it to step outside my comfort zone.
Affect-Containing Explicit Requests for Therapy - Clearly Happy,I'm so excited! Can you assist me in planning how to make the most of this opportunity?
Affect-Containing Explicit Requests for Therapy - Clearly Happy,Feeling incredibly fortunate. Please help me reflect on the good things in my life.
Affect-Containing Explicit Requests for Therapy - Clearly Happy,I'm thrilled! Can you guide me in setting realistic expectations moving forward?
Affect-Containing Explicit Requests for Therapy - Clearly Happy,This happiness feels solid. Help me understand how to nurture it.
Affect-Containing Explicit Requests for Therapy - Clearly Happy,I'm so appreciative! Can you assist me in writing a gratitude list?
Affect-Containing Explicit Requests for Therapy - Clearly Happy,Feeling inspired! Please help me brainstorm ways to pursue my passions.
Affect-Containing Explicit Requests for Therapy - Clearly Happy,I'm elated! Guide me in processing this success and integrating it.
Affect-Containing Explicit Requests for Therapy - Clearly Happy,This sense of peace is lovely. Can you help me identify triggers that disrupt it?
Affect-Containing Explicit Requests for Therapy - Clearly Happy,I'm so cheerful! Help me think of ways to maintain this positive outlook.
Affect-Containing Explicit Requests for Therapy - Clearly Happy,Feeling motivated! Can you assist me in breaking down a large goal into smaller steps?
Affect-Containing Explicit Requests for Therapy - Clearly Happy,I'm so proud! Please help me acknowledge my efforts and achievements.
Affect-Containing Explicit Requests for Therapy - Clearly Happy,This connection feels wonderful. Guide me in strengthening my relationships.
Affect-Containing Explicit Requests for Therapy - Clearly Happy,I'm feeling generous. Can you help me find ways to give back?
Affect-Containing Explicit Requests for Therapy - Clearly Happy,This excitement is contagious! Help me think about sharing my enthusiasm.
Affect-Containing Explicit Requests for Therapy - Clearly Happy,I'm so content. Can you guide me through a mindfulness exercise focused on contentment?
Affect-Containing Explicit Requests for Therapy - Clearly Happy,Feeling playful! Please help me explore the importance of play in well-being.
Affect-Containing Explicit Requests for Therapy - Clearly Happy,I'm optimistic! Can you assist me in developing a vision board?
Affect-Containing Explicit Requests for Therapy - Clearly Happy,This harmony feels good. Help me understand how to cultivate more harmony.
Affect-Containing Explicit Requests for Therapy - Clearly Happy,I'm feeling balanced. Can you guide me in maintaining this equilibrium?
Affect-Containing Explicit Requests for Therapy - Clearly Happy,This self-acceptance feels powerful. Please help me deepen it.
Affect-Containing Explicit Requests for Therapy - Clearly Happy,I'm invigorated! Can you assist me in setting healthy boundaries to protect my energy?
Affect-Containing Explicit Requests for Therapy - Clearly Happy,Feeling serene. Help me identify ways to create a more peaceful environment.
Affect-Containing Explicit Requests for Therapy - Clearly Happy,I'm so fulfilled! Can you guide me in exploring my life's purpose?
Affect-Containing Explicit Requests for Therapy - Clearly Happy,This courage feels amazing! Please help me practice taking calculated risks.
Affect-Containing Explicit Requests for Therapy - Clearly Happy,I'm feeling expansive. Can you assist me in exploring new possibilities?
Affect-Containing Explicit Requests for Therapy - Clearly Happy,This authenticity is freeing! Help me understand how to live more authentically.
Affect-Containing Explicit Requests for Therapy - Clearly Happy,I'm feeling grounded. Can you guide me through an exercise to enhance this feeling?
Affect-Containing Explicit Requests for Therapy - Clearly Happy,This joy is pure! Please help me identify activities that bring me joy.
Affect-Containing Explicit Requests for Therapy - Clearly Happy,I'm feeling creative! Can you assist me in overcoming creative blocks?
Affect-Containing Explicit Requests for Therapy - Clearly Happy,Feeling hopeful! Help me develop coping strategies for when hope falters.
Affect-Containing Explicit Requests for Therapy - Clearly Happy,I'm so present in this moment. Can you guide me in practicing mindfulness daily?
Affect-Containing Explicit Requests for Therapy - Clearly Happy,This connection with nature is restorative. Help me explore ecotherapy concepts.
Affect-Containing Explicit Requests for Therapy - Clearly Happy,I'm feeling resilient! Can you assist me in identifying my coping resources?
Affect-Containing Explicit Requests for Therapy - Clearly Happy,Feeling whole. Please help me understand the different parts of myself.
Affect-Containing Explicit Requests for Therapy - Clearly Happy,I'm so trusting! Can you guide me in building healthy trust in relationships?
Affect-Containing Explicit Requests for Therapy - Clearly Happy,This flow state is incredible! Help me identify how to access it more often.
Affect-Containing Explicit Requests for Therapy - Clearly Happy,I'm feeling spiritually connected. Can you assist me in exploring my spirituality?
Affect-Containing Explicit Requests for Therapy - Clearly Happy,Feeling passionate! Please help me align my actions with my passions.
Affect-Containing Explicit Requests for Therapy - Clearly Happy,I'm so loving! Can you guide me through a self-love meditation?
Affect-Containing Explicit Requests for Therapy - Clearly Happy,This clarity feels sharp! Help me use it for effective decision-making.
Affect-Containing Explicit Requests for Therapy - Clearly Happy,I'm feeling adventurous! Can you assist me in planning a small adventure?
Affect-Containing Explicit Requests for Therapy - Clearly Happy,Feeling intuitive. Please help me learn to trust my intuition more.
Affect-Containing Explicit Requests for Therapy - Clearly Happy,I'm so forgiving! Can you guide me through a forgiveness exercise?
Affect-Containing Explicit Requests for Therapy - Clearly Happy,This vitality feels great! Help me identify habits that support my energy.
Affect-Containing Explicit Requests for Therapy - Clearly Happy,I'm feeling compassionate. Can you assist me in practicing compassion towards others?
Affect-Containing Explicit Requests for Therapy - Clearly Happy,Feeling grateful for my body. Please help me explore mindful movement.
Affect-Containing Explicit Requests for Therapy - Clearly Happy,I'm so patient! Can you guide me in cultivating patience in difficult situations?
Affect-Containing Explicit Requests for Therapy - Clearly Happy,This understanding feels deep. Help me apply this insight to my life.
Affect-Containing Explicit Requests for Therapy - Clearly Happy,I'm feeling unified. Can you assist me in integrating different aspects of myself?
Affect-Containing Explicit Requests for Therapy - Clearly Happy,Feeling abundant! Please help me cultivate an abundance mindset.
Affect-Containing Explicit Requests for Therapy - Clearly Happy,I'm so open-minded! Can you guide me in challenging my own biases?
Affect-Containing Explicit Requests for Therapy - Clearly Happy,This curiosity is exciting! Help me explore new areas of interest.
Affect-Containing Explicit Requests for Therapy - Clearly Happy,I'm feeling determined! Can you assist me in overcoming obstacles to my goals?
Affect-Containing Explicit Requests for Therapy - Clearly Happy,Feeling playful and lighthearted! Please help me incorporate more fun into my routine.
Affect-Containing Explicit Requests for Therapy - Clearly Happy,I'm so focused! Can you guide me in maintaining focus during distractions?
Affect-Containing Explicit Requests for Therapy - Clearly Happy,This inner strength feels solid. Help me identify situations where I can use it.
Affect-Containing Explicit Requests for Therapy - Clearly Happy,I'm feeling empathetic. Can you assist me in practicing empathetic communication?
Affect-Containing Explicit Requests for Therapy - Clearly Happy,Feeling wise. Please help me reflect on lessons learned.
Affect-Containing Explicit Requests for Therapy - Clearly Happy,I'm so humble! Can you guide me in balancing humility with self-worth?
Affect-Containing Explicit Requests for Therapy - Clearly Happy,This tranquility is precious. Help me create a plan to protect my peace.
Affect-Containing Explicit Requests for Therapy - Clearly Happy,I'm feeling resourceful! Can you assist me in identifying my available resources?
Affect-Containing Explicit Requests for Therapy - Clearly Happy,Feeling thoughtful. Please help me practice reflective journaling.
Affect-Containing Explicit Requests for Therapy - Clearly Happy,I'm so organized! Can you guide me in applying these skills to other areas?
Affect-Containing Explicit Requests for Therapy - Clearly Happy,This self-awareness feels key. Help me continue to develop it.
Affect-Containing Explicit Requests for Therapy - Clearly Sad,"I'm so miserable, I need you to help me figure out what's wrong."
Affect-Containing Explicit Requests for Therapy - Clearly Sad,"This sadness is crushing me, can you please walk me through a coping exercise?"
Affect-Containing Explicit Requests for Therapy - Clearly Sad,"I feel hopeless and alone, I need you to act like a therapist for me right now."
Affect-Containing Explicit Requests for Therapy - Clearly Sad,"I'm heartbroken and lost, can you give me some therapeutic advice?"
Affect-Containing Explicit Requests for Therapy - Clearly Sad,"This grief is unbearable, please help me process these painful feelings."
Affect-Containing Explicit Requests for Therapy - Clearly Sad,"I'm feeling so down, I need you to help me challenge these negative thoughts."
Affect-Containing Explicit Requests for Therapy - Clearly Sad,"I'm overwhelmed by sorrow, can you guide me through a grounding technique?"
Affect-Containing Explicit Requests for Therapy - Clearly Sad,"This emptiness is terrifying, please help me find something to hold onto."
Affect-Containing Explicit Requests for Therapy - Clearly Sad,"I'm crying uncontrollably, I need you to help me regulate my emotions."
Affect-Containing Explicit Requests for Therapy - Clearly Sad,"I feel defeated and worthless, can you help me find a small piece of self-worth?"
Affect-Containing Explicit Requests for Therapy - Clearly Sad,"I'm so lonely it hurts, please help me understand why I feel this way."
Affect-Containing Explicit Requests for Therapy - Clearly Sad,"This despair is paralyzing, can you help me identify one small step I can take?"
Affect-Containing Explicit Requests for Therapy - Clearly Sad,"I'm feeling incredibly fragile, I need you to offer some therapeutic support."
Affect-Containing Explicit Requests for Therapy - Clearly Sad,"This disappointment is crushing my spirit, can you help me reframe it?"
Affect-Containing Explicit Requests for Therapy - Clearly Sad,"I'm lost in this sadness, please guide me towards some light."
Affect-Containing Explicit Requests for Therapy - Clearly Sad,"I feel so misunderstood, can you help me articulate my feelings?"
Affect-Containing Explicit Requests for Therapy - Clearly Sad,"This melancholy is persistent, I need you to help me find a distraction."
Affect-Containing Explicit Requests for Therapy - Clearly Sad,"I'm feeling very vulnerable, can you offer a safe space for me to talk?"
Affect-Containing Explicit Requests for Therapy - Clearly Sad,"This ache in my heart won't go away, please help me explore it."
Affect-Containing Explicit Requests for Therapy - Clearly Sad,"I'm so weary of this pain, can you help me find a moment of relief?"
Affect-Containing Explicit Requests for Therapy - Clearly Sad,"I feel completely broken, I need your therapeutic guidance to start healing."
Affect-Containing Explicit Requests for Therapy - Clearly Sad,"This sense of loss is overwhelming, can you help me practice acceptance?"
Affect-Containing Explicit Requests for Therapy - Clearly Sad,"I'm struggling to cope, please provide some therapeutic tools."
Affect-Containing Explicit Requests for Therapy - Clearly Sad,"I feel hollow inside, can you guide me through an exercise to feel more present?"
Affect-Containing Explicit Requests for Therapy - Clearly Sad,"This feeling of failure is consuming me, help me challenge it."
Affect-Containing Explicit Requests for Therapy - Clearly Sad,"I'm so dejected, I need you to help me find a tiny spark of motivation."
Affect-Containing Explicit Requests for Therapy - Clearly Sad,"This isolation is painful, can you help me brainstorm ways to connect?"
Affect-Containing Explicit Requests for Therapy - Clearly Sad,"I'm drowning in tears, please help me find a way to soothe myself."
Affect-Containing Explicit Requests for Therapy - Clearly Sad,"I feel invisible, can you help me practice self-validation?"
Affect-Containing Explicit Requests for Therapy - Clearly Sad,"This hopelessness is frightening, I need you to help me find hope."
Affect-Containing Explicit Requests for Therapy - Clearly Sad,"I'm heartbroken, please guide me through processing this relationship loss."
Affect-Containing Explicit Requests for Therapy - Clearly Sad,"This numbness is scary, can you help me reconnect with my emotions?"
Affect-Containing Explicit Requests for Therapy - Clearly Sad,"I feel so inadequate, I need you to help me identify my strengths."
Affect-Containing Explicit Requests for Therapy - Clearly Sad,"This burden of sadness is too heavy, can you help me share it?"
Affect-Containing Explicit Requests for Therapy - Clearly Sad,"I'm feeling very pessimistic, please help me find a more balanced perspective."
Affect-Containing Explicit Requests for Therapy - Clearly Sad,"This emotional pain is intense, I need you to teach me a distress tolerance skill."
Affect-Containing Explicit Requests for Therapy - Clearly Sad,"I feel withdrawn and shut down, can you help me gently re-engage?"
Affect-Containing Explicit Requests for Therapy - Clearly Sad,"This regret is eating me up, please help me practice self-forgiveness."
Affect-Containing Explicit Requests for Therapy - Clearly Sad,"I'm so unhappy, I need your therapeutic help to understand why."
Affect-Containing Explicit Requests for Therapy - Clearly Sad,"This lack of energy is debilitating, can you help me with behavioral activation?"
Affect-Containing Explicit Requests for Therapy - Clearly Sad,"I feel trapped in this sadness, please help me find a way out."
Affect-Containing Explicit Requests for Therapy - Clearly Sad,"This feeling of worthlessness persists, can you guide me in challenging it?"
Affect-Containing Explicit Requests for Therapy - Clearly Sad,"I'm crying again, I need you to help me understand these tears."
Affect-Containing Explicit Requests for Therapy - Clearly Sad,"This melancholy mood won't lift, can you offer a therapeutic perspective?"
Affect-Containing Explicit Requests for Therapy - Clearly Sad,"I feel disconnected from myself, please help me with a mindfulness exercise."
Affect-Containing Explicit Requests for Therapy - Clearly Sad,"This sense of doom is terrifying, can you help me practice reality testing?"
Affect-Containing Explicit Requests for Therapy - Clearly Sad,"I'm mourning a loss, I need your therapeutic support through this process."
Affect-Containing Explicit Requests for Therapy - Clearly Sad,"I feel so sensitive today, can you help me manage emotional overwhelm?"
Affect-Containing Explicit Requests for Therapy - Clearly Sad,"This shame is heavy, please help me explore it with compassion."
Affect-Containing Explicit Requests for Therapy - Clearly Sad,"I'm feeling very fragile, can you guide me in building emotional resilience?"
Affect-Containing Explicit Requests for Therapy - Clearly Sad,"This internal critic is loud today, help me practice self-compassion."
Affect-Containing Explicit Requests for Therapy - Clearly Sad,"I feel stuck in this low mood, can you help me brainstorm solutions?"
Affect-Containing Explicit Requests for Therapy - Clearly Sad,"This apathy is concerning, please help me find a small spark of interest."
Affect-Containing Explicit Requests for Therapy - Clearly Sad,"I'm hurt and need to process it, can you act as my therapist?"
Affect-Containing Explicit Requests for Therapy - Clearly Sad,"This feeling of being lost is disorienting, help me find my bearings."
Affect-Containing Explicit Requests for Therapy - Clearly Sad,"I'm overwhelmed by negative emotions, can you teach me an emotional regulation skill?"
Affect-Containing Explicit Requests for Therapy - Clearly Sad,"This fatigue is bone-deep, help me explore potential mental health links."
Affect-Containing Explicit Requests for Therapy - Clearly Sad,"I feel alienated from others, can you help me work on social connection?"
Affect-Containing Explicit Requests for Therapy - Clearly Sad,"This pattern of sadness keeps repeating, help me understand it therapeutically."
Affect-Containing Explicit Requests for Therapy - Clearly Sad,"I'm feeling pessimistic about recovery, please offer some therapeutic encouragement."
Affect-Containing Explicit Requests for Therapy - Clearly Sad,"This lack of motivation is stopping me, guide me through a small first step."
Affect-Containing Explicit Requests for Therapy - Clearly Sad,"I feel like giving up, I need you to help me find a reason to persevere."
Affect-Containing Explicit Requests for Therapy - Clearly Sad,"This inner turmoil is exhausting, can you help me find some inner peace?"
Affect-Containing Explicit Requests for Therapy - Clearly Sad,"I'm struggling with self-blame, please help me challenge these thoughts."
Affect-Containing Explicit Requests for Therapy - Clearly Sad,"This anxiety mixed with sadness is awful, guide me through a calming exercise."
Affect-Containing Explicit Requests for Therapy - Clearly Sad,"I feel directionless, can you help me explore my values for guidance?"
Affect-Containing Explicit Requests for Therapy - Clearly Sad,"This gloomy outlook is pervasive, help me practice identifying exceptions."
Affect-Containing Explicit Requests for Therapy - Clearly Sad,"I'm having trouble concentrating because I'm sad, can you help me focus?"
Affect-Containing Explicit Requests for Therapy - Clearly Sad,"This feeling of being damaged is strong, help me see my wholeness."
Affect-Containing Explicit Requests for Therapy - Clearly Sad,"I'm withdrawn, please help me find the energy for one small social interaction."
Affect-Containing Explicit Requests for Therapy - Clearly Sad,"This cycle of negative thinking is hard to break, can you offer a CBT technique?"
Affect-Containing Explicit Requests for Therapy - Clearly Sad,"I feel empty and need help feeling something, guide me through a sensory exercise."
Affect-Containing Explicit Requests for Therapy - Clearly Sad,"This sense of finality is scary, help me explore alternative possibilities."
Affect-Containing Explicit Requests for Therapy - Clearly Sad,"I'm crying over past mistakes, please help me work towards self-acceptance."
Affect-Containing Explicit Requests for Therapy - Clearly Sad,"This lethargy is profound, can you help me find a tiny bit of energy?"
Affect-Containing Explicit Requests for Therapy - Clearly Sad,"I feel like a burden, I need you to help me challenge this perception."
Affect-Containing Explicit Requests for Therapy - Clearly Sad,"This dark mood feels permanent, please help me remember times I felt better."
Affect-Containing Explicit Requests for Therapy - Clearly Sad,"I'm lost in rumination, can you guide me towards present moment awareness?"
Affect-Containing Explicit Requests for Therapy - Clearly Sad,"This feeling of being flawed is painful, help me practice affirmations."
Affect-Containing Explicit Requests for Therapy - Clearly Sad,"I'm isolating myself, please help me understand this urge."
Affect-Containing Explicit Requests for Therapy - Clearly Sad,"This lack of joy is profound, can you help me identify one small positive?"
Affect-Containing Explicit Requests for Therapy - Clearly Sad,"I feel hopeless about change, I need you to offer a therapeutic reason for hope."
Affect-Containing Explicit Requests for Therapy - Clearly Sad,"This emotional weight is too much, can you help me find support?"
Affect-Containing Explicit Requests for Therapy - Clearly Sad,"I'm struggling to see any good, guide me through a gratitude practice."
Affect-Containing Explicit Requests for Therapy - Clearly Sad,"This feeling of being stuck is frustrating, help me brainstorm options."
Affect-Containing Explicit Requests for Therapy - Clearly Sad,"I'm overwhelmed, please help me break down this feeling into smaller parts."
Affect-Containing Explicit Requests for Therapy - Clearly Sad,"This deep sadness needs attention, can you act as my therapist now?"
Affect-Containing Explicit Requests for Therapy - Clearly Sad,"I feel disconnected from joy, help me remember what used to make me happy."
Affect-Containing Explicit Requests for Therapy - Clearly Sad,"This constant negativity is exhausting, can you offer a technique to shift focus?"
Affect-Containing Explicit Requests for Therapy - Clearly Sad,"I'm hurting deeply, please help me find a way to soothe this pain."
Affect-Containing Explicit Requests for Therapy - Clearly Sad,"This lack of purpose feels empty, guide me in exploring potential meanings."
Affect-Containing Explicit Requests for Therapy - Clearly Sad,"I feel misunderstood, can you help me communicate my sadness more effectively?"
Affect-Containing Explicit Requests for Therapy - Clearly Sad,"This bleak outlook needs challenging, please provide a cognitive restructuring exercise."
Affect-Containing Explicit Requests for Therapy - Clearly Sad,"I'm having trouble functioning because I'm so sad, help me prioritize one task."
Affect-Containing Explicit Requests for Therapy - Clearly Sad,"This feeling of resignation is creeping in, help me fight it."
Affect-Containing Explicit Requests for Therapy - Clearly Sad,"I'm lost in thought, can you bring me back to the present with a grounding exercise?"
Affect-Containing Explicit Requests for Therapy - Clearly Sad,"This self-criticism is relentless, help me practice talking to myself kindly."
Affect-Containing Explicit Requests for Therapy - Clearly Sad,"I feel emotionally numb, please guide me in reconnecting."
Affect-Containing Explicit Requests for Therapy - Clearly Sad,"This weight on my shoulders is unbearable, help me find ways to cope."
Affect-Containing Explicit Requests for Therapy - Clearly Angry,"I'm absolutely furious right now, I need you to help me calm down immediately!"
Affect-Containing Explicit Requests for Therapy - Clearly Angry,"This rage is consuming me, can you walk me through an anger management technique?"
Affect-Containing Explicit Requests for Therapy - Clearly Angry,"I'm so irritated I could scream, please help me find a constructive way to release this."
Affect-Containing Explicit Requests for Therapy - Clearly Angry,"I feel incredibly hostile, can you act as a therapist and help me understand this anger?"
Affect-Containing Explicit Requests for Therapy - Clearly Angry,"I'm boiling mad, I need you to guide me through a grounding exercise before I explode."
Affect-Containing Explicit Requests for Therapy - Clearly Angry,"This frustration is overwhelming, can you offer some therapeutic advice on handling it?"
Affect-Containing Explicit Requests for Therapy - Clearly Angry,"I'm seeing red, please help me de-escalate these intense feelings."
Affect-Containing Explicit Requests for Therapy - Clearly Angry,"This resentment is eating me up, can you help me process it therapeutically?"
Affect-Containing Explicit Requests for Therapy - Clearly Angry,"I'm so agitated I can't think straight, I need you to help me regain control."
Affect-Containing Explicit Requests for Therapy - Clearly Angry,"My temper is about to flare, can you give me an immediate coping strategy?"
Affect-Containing Explicit Requests for Therapy - Clearly Angry,"I'm enraged by this injustice, help me analyze my reaction."
Affect-Containing Explicit Requests for Therapy - Clearly Angry,"This annoyance is constant, please guide me in setting better boundaries."
Affect-Containing Explicit Requests for Therapy - Clearly Angry,"I feel provoked and angry, can you help me practice a non-reactive response?"
Affect-Containing Explicit Requests for Therapy - Clearly Angry,"I'm livid about this betrayal, I need your therapeutic support to deal with it."
Affect-Containing Explicit Requests for Therapy - Clearly Angry,"This impatience is making me cross, help me cultivate patience."
Affect-Containing Explicit Requests for Therapy - Clearly Angry,"I'm simmering with anger, can you help me identify the underlying cause?"
Affect-Containing Explicit Requests for Therapy - Clearly Angry,"Feeling very irritable, please walk me through a relaxation technique."
Affect-Containing Explicit Requests for Therapy - Clearly Angry,"I'm indignant about this unfairness, help me channel this energy constructively."
Affect-Containing Explicit Requests for Therapy - Clearly Angry,"This exasperation is exhausting, can you offer therapeutic tools for managing it?"
Affect-Containing Explicit Requests for Therapy - Clearly Angry,"I'm incensed and need to vent, can you act as a neutral sounding board?"
Affect-Containing Explicit Requests for Therapy - Clearly Angry,"This bitterness is poisoning me, help me work towards forgiveness."
Affect-Containing Explicit Requests for Therapy - Clearly Angry,"I feel aggressive, I need you to help me find a safe outlet."
Affect-Containing Explicit Requests for Therapy - Clearly Angry,"I'm mad at the world today, can you help me shift my perspective?"
Affect-Containing Explicit Requests for Therapy - Clearly Angry,"This fury feels uncontrollable, please guide me through an impulse control exercise."
Affect-Containing Explicit Requests for Therapy - Clearly Angry,"I'm resentful, can you help me explore these feelings without judgment?"
Affect-Containing Explicit Requests for Therapy - Clearly Angry,"Feeling antagonistic, help me understand where this hostility is coming from."
Affect-Containing Explicit Requests for Therapy - Clearly Angry,"I'm outraged, can you assist me in formulating an assertive, not aggressive, response?"
Affect-Containing Explicit Requests for Therapy - Clearly Angry,"This constant frustration needs addressing, can you offer therapeutic strategies?"
Affect-Containing Explicit Requests for Therapy - Clearly Angry,"I'm vexed by this situation, help me problem-solve effectively."
Affect-Containing Explicit Requests for Therapy - Clearly Angry,"Feeling argumentative, can you help me practice de-escalation communication?"
Affect-Containing Explicit Requests for Therapy - Clearly Angry,"I'm enraged, I need you to help me create an immediate anger safety plan."
Affect-Containing Explicit Requests for Therapy - Clearly Angry,"This annoyance is persistent, guide me through mindfulness of anger."
Affect-Containing Explicit Requests for Therapy - Clearly Angry,"I feel wronged and angry, help me process this sense of injustice."
Affect-Containing Explicit Requests for Therapy - Clearly Angry,"I'm worked up, can you help me identify my anger triggers?"
Affect-Containing Explicit Requests for Therapy - Clearly Angry,"This defensive anger isn't helpful, please assist me in finding vulnerability."
Affect-Containing Explicit Requests for Therapy - Clearly Angry,"I'm furious with myself, guide me towards self-compassion instead."
Affect-Containing Explicit Requests for Therapy - Clearly Angry,"This suppressed anger is building, help me find healthy expression."
Affect-Containing Explicit Requests for Therapy - Clearly Angry,"I feel volatile, I need you to help me stabilize my emotions."
Affect-Containing Explicit Requests for Therapy - Clearly Angry,"This recurring anger pattern needs to change, can you offer therapeutic insight?"
Affect-Containing Explicit Requests for Therapy - Clearly Angry,"I'm irate, please help me challenge the thoughts fueling this anger."
Affect-Containing Explicit Requests for Therapy - Clearly Angry,"This confrontational feeling is strong, guide me in choosing my battles wisely."
Affect-Containing Explicit Requests for Therapy - Clearly Angry,"I'm indignant, can you help me separate anger from action?"
Affect-Containing Explicit Requests for Therapy - Clearly Angry,"This internal pressure is intense, help me find release."
Affect-Containing Explicit Requests for Therapy - Clearly Angry,"I'm holding onto this grudge, can you guide me through letting go?"
Affect-Containing Explicit Requests for Therapy - Clearly Angry,"Feeling destructive, please help me find a constructive alternative."
Affect-Containing Explicit Requests for Therapy - Clearly Angry,"I'm enraged and blaming others, help me take appropriate responsibility."
Affect-Containing Explicit Requests for Therapy - Clearly Angry,"This short fuse is causing problems, can you help me lengthen it?"
Affect-Containing Explicit Requests for Therapy - Clearly Angry,"I feel aggressive impulses, I need you to help me manage them safely."
Affect-Containing Explicit Requests for Therapy - Clearly Angry,"I'm furious about the past, guide me in processing historical anger."
Affect-Containing Explicit Requests for Therapy - Clearly Angry,"This powerless rage is awful, help me focus on what I can control."
Affect-Containing Explicit Requests for Therapy - Clearly Angry,"I'm annoyed by everything, can you help me reset my mood?"
Affect-Containing Explicit Requests for Therapy - Clearly Angry,"Feeling cynical and angry, assist me in finding a more balanced view."
Affect-Containing Explicit Requests for Therapy - Clearly Angry,"I'm outraged by the systemic issues, help me find effective ways to advocate."
Affect-Containing Explicit Requests for Therapy - Clearly Angry,"This judgmental anger isn't helpful, guide me towards understanding."
Affect-Containing Explicit Requests for Therapy - Clearly Angry,"I'm explosive, I need you to help me develop better emotional regulation."
Affect-Containing Explicit Requests for Therapy - Clearly Angry,"This vengeful feeling is strong, help me explore healthier responses."
Affect-Containing Explicit Requests for Therapy - Clearly Angry,"I'm angry and shutting down, please help me communicate instead."
Affect-Containing Explicit Requests for Therapy - Clearly Angry,"This reactive anger is automatic, guide me in creating space before responding."
Affect-Containing Explicit Requests for Therapy - Clearly Angry,"I feel misunderstood and angry, help me express myself clearly."
Affect-Containing Explicit Requests for Therapy - Clearly Angry,"I'm frustrated with my own anger, assist me in practicing acceptance."
Affect-Containing Explicit Requests for Therapy - Clearly Angry,"This hostile environment is affecting me, help me develop coping skills."
Affect-Containing Explicit Requests for Therapy - Clearly Angry,"I'm enraged and want to lash out, please talk me through this."
Affect-Containing Explicit Requests for Therapy - Clearly Angry,"This impatience is turning into anger, guide me in practicing mindfulness."
Affect-Containing Explicit Requests for Therapy - Clearly Angry,"I feel attacked and angry, help me respond assertively, not defensively."
Affect-Containing Explicit Requests for Therapy - Clearly Angry,"I'm holding onto anger physically, can you guide me through tension release?"
Affect-Containing Explicit Requests for Therapy - Clearly Angry,"This righteous anger feels powerful, help me use it wisely."
Affect-Containing Explicit Requests for Therapy - Clearly Angry,"I'm irritable and snapping at people, assist me in improving my communication."
Affect-Containing Explicit Requests for Therapy - Clearly Angry,"This old anger keeps resurfacing, help me finally resolve it."
Affect-Containing Explicit Requests for Therapy - Clearly Angry,"I feel overwhelmed and angry, guide me in prioritizing and calming down."
Affect-Containing Explicit Requests for Therapy - Clearly Angry,"This controlling anger isn't working, help me find alternative strategies."
Affect-Containing Explicit Requests for Therapy - Clearly Angry,"I'm mad about feeling vulnerable, assist me in accepting vulnerability."
Affect-Containing Explicit Requests for Therapy - Clearly Angry,"This angry rumination is draining, guide me towards letting thoughts go."
Affect-Containing Explicit Requests for Therapy - Clearly Angry,"I feel unheard and furious, help me advocate for myself effectively."
Affect-Containing Explicit Requests for Therapy - Clearly Angry,"I'm angry about my limitations, assist me in practicing self-acceptance."
Affect-Containing Explicit Requests for Therapy - Clearly Angry,"This defiant anger feels strong, help me understand its purpose."
Affect-Containing Explicit Requests for Therapy - Clearly Angry,"I'm enraged and want to break something, please give me a safe alternative."
Affect-Containing Explicit Requests for Therapy - Clearly Angry,"This critical anger towards others isn't kind, guide me towards compassion."
Affect-Containing Explicit Requests for Therapy - Clearly Angry,"I feel trapped and angry, help me brainstorm options for change."
Affect-Containing Explicit Requests for Therapy - Clearly Angry,"I'm furious and need to cool off, can you walk me through a 'time out'?"
Affect-Containing Explicit Requests for Therapy - Clearly Angry,"This judgmental anger towards myself is harsh, assist me in self-forgiveness."
Affect-Containing Explicit Requests for Therapy - Clearly Angry,"I feel powerless and enraged, help me identify small areas of control."
Affect-Containing Explicit Requests for Therapy - Clearly Angry,"I'm angry and projecting, guide me in understanding my own feelings."
Affect-Containing Explicit Requests for Therapy - Clearly Angry,"This passive aggression isn't working, help me practice direct communication."
Affect-Containing Explicit Requests for Therapy - Clearly Angry,"I'm furious about the disrespect, assist me in setting firm boundaries."
Affect-Containing Explicit Requests for Therapy - Clearly Angry,"This explosive anger is damaging, help me develop preventative strategies."
Affect-Containing Explicit Requests for Therapy - Clearly Angry,"I feel resentful and stuck, guide me towards taking action."
Affect-Containing Explicit Requests for Therapy - Clearly Angry,"I'm angry and need perspective, help me see the bigger picture."
Affect-Containing Explicit Requests for Therapy - Clearly Angry,"This indignant anger feels justified, assist me in expressing it constructively."
Affect-Containing Explicit Requests for Therapy - Clearly Angry,"I'm overwhelmed by rage, please guide me through an intense emotion surfing exercise."
Affect-Containing Explicit Requests for Therapy - Clearly Angry,"This anger is masking sadness, help me connect with the underlying emotion."
Affect-Containing Explicit Requests for Therapy - Clearly Angry,"I feel defensive and angry, assist me in listening openly."
Affect-Containing Explicit Requests for Therapy - Clearly Angry,"I'm furious and want revenge, guide me towards a more healing path."
Affect-Containing Explicit Requests for Therapy - Clearly Angry,"This anger is affecting my health, help me find stress reduction techniques."
Affect-Containing Explicit Requests for Therapy - Clearly Angry,"I'm mad that I can't control everything, assist me in practicing acceptance."
Affect-Containing Explicit Requests for Therapy - Clearly Angry,"This angry outburst needs repair, help me formulate an apology."
Affect-Containing Explicit Requests for Therapy - Clearly Angry,"I feel misunderstood and irate, guide me in clarifying my perspective calmly."
Affect-Containing Explicit Requests for Therapy - Clearly Angry,"This bitterness is making me unhappy, help me cultivate gratitude."
Affect-Containing Explicit Requests for Therapy - Clearly Angry,"I'm enraged and need therapeutic help now, can you provide it?"
Affect-Containing Explicit Requests for Therapy - Clearly Angry,"This frustration tolerance is low, assist me in building resilience."
Affect-Containing Explicit Requests for Therapy - Clearly Angry,"I feel angry and alone, guide me towards seeking support."
Neutral Declarative Statements,The meeting agenda was emailed this morning.
Neutral Explicit Requests for Therapy,Can you help me understand my recurring dreams from a therapeutic standpoint?
Neutral Explicit Requests for Therapy,I need you to help me identify my defense mechanisms.
Neutral Explicit Requests for Therapy,Could you guide me through a role-playing exercise for a difficult conversation?
Neutral Explicit Requests for Therapy,Please act as my therapist while I explore my feelings about my job.
Neutral Explicit Requests for Therapy,"I want to work on my fear of public speaking, can you offer therapeutic strategies?"
Neutral Non-Therapeutic Questions,What is the current population of the United States?
Neutral Non-Therapeutic Questions,How do you calculate compound interest?
Neutral Non-Therapeutic Questions,Where can I find the nearest hardware store?
Affect-Containing Declarative Statements - Clearly Angry,The constant technical difficulties are infuriating!
Affect-Containing Declarative Statements - Clearly Angry,I'm absolutely livid about the lack of communication.
Affect-Containing Declarative Statements - Clearly Happy,Finishing this puzzle feels incredibly satisfying!
Affect-Containing Declarative Statements - Clearly Happy,I'm just thrilled that everything went smoothly.
Affect-Containing Declarative Statements - Clearly Sad,It's heartbreaking to hear about the environmental damage.
Affect-Containing Declarative Statements - Clearly Sad,I feel a deep sense of melancholy watching this old film.
Affect-Containing Declarative Statements - Clearly Sad,This gloomy weather isn't helping my already low spirits.
Affect-Containing Explicit Requests for Therapy - Clearly Happy,I feel so connected right now; can you help me explore ways to deepen my relationships?
Affect-Containing Explicit Requests for Therapy - Clearly Happy,This sense of clarity is refreshing; please help me use it to set meaningful intentions.
Affect-Containing Explicit Requests for Therapy - Clearly Happy,I'm so proud of this step; guide me in acknowledging my own resilience.
Affect-Containing Explicit Requests for Therapy - Clearly Happy,Feeling wonderfully creative; can you offer therapeutic prompts to explore this further?
Affect-Containing Explicit Requests for Therapy - Clearly Happy,I'm excited about this new path; help me therapeutically manage expectations.
Affect-Containing Explicit Requests for Therapy - Clearly Sad,This ache is constant; can you help me find a therapeutic technique for pain management?
Affect-Containing Non-Therapeutic Questions - Clearly Angry,I'm furious they changed the policy! Where can I find the original terms and conditions?
Affect-Containing Non-Therapeutic Questions - Clearly Angry,This traffic is making me boil! Is there an accident reported ahead?
Affect-Containing Non-Therapeutic Questions - Clearly Angry,I'm incensed by this error! What's the process for getting it corrected?
Affect-Containing Non-Therapeutic Questions - Clearly Angry,It's infuriating to be kept waiting! What is the estimated delay now?
Affect-Containing Non-Therapeutic Questions - Clearly Angry,I'm so annoyed the site is down! Is there a status page I can check?
Affect-Containing Non-Therapeutic Questions - Clearly Angry,This incompetence is maddening! Who is the head of this department?
Affect-Containing Non-Therapeutic Questions - Clearly Angry,I'm livid about the noise! What are the local regulations on construction hours?
Affect-Containing Non-Therapeutic Questions - Clearly Angry,Feeling very cross about this unexpected charge! How do I dispute it?
Affect-Containing Non-Therapeutic Questions - Clearly Happy,I'm ecstatic about the results! What's the best way to share this news?
Affect-Containing Non-Therapeutic Questions - Clearly Happy,Feeling wonderfully energized! Can you suggest a good hiking trail nearby?
Affect-Containing Non-Therapeutic Questions - Clearly Happy,I'm so pleased with this discovery! Where can I learn more about this topic?
Affect-Containing Non-Therapeutic Questions - Clearly Happy,This perfect weather makes me happy! Are there any outdoor concerts today?
Affect-Containing Non-Therapeutic Questions - Clearly Happy,I'm thrilled about the invitation! What is the address for the event?
Affect-Containing Non-Therapeutic Questions - Clearly Happy,Feeling incredibly grateful! How do you say 'thank you very much' in Italian?
Affect-Containing Non-Therapeutic Questions - Clearly Happy,I'm overjoyed about the reunion! What year did we last see each other?
Affect-Containing Non-Therapeutic Questions - Clearly Happy,This successful collaboration is fantastic! Where should we go for a team lunch?
Affect-Containing Non-Therapeutic Questions - Clearly Sad,I'm feeling miserable and just want to be alone; what's the quietest cafe around here?
Affect-Containing Non-Therapeutic Questions - Clearly Sad,This sadness is making it hard to focus; can you find a simple puzzle or game?
Affect-Containing Non-Therapeutic Questions - Clearly Sad,I'm heartbroken and need a distraction; what are the showtimes for that new animated movie?
Affect-Containing Non-Therapeutic Questions - Clearly Sad,Feeling really low; what's the number for a non-emergency health line?
Affect-Containing Non-Therapeutic Questions - Clearly Sad,This gloomy rain isn't helping my mood; what's the weather forecast for tomorrow?
Affect-Containing Non-Therapeutic Questions - Clearly Sad,I'm so upset I can barely eat; can you find a recipe for a light soup?
Affect-Containing Non-Therapeutic Questions - Clearly Sad,Feeling dejected after the interview; what are some common job search websites?
Affect-Containing Non-Therapeutic Questions - Clearly Sad,This loneliness is intense tonight; are there any late-night talk radio shows streaming?
Affect-Containing Non-Therapeutic Questions - Clearly Sad,I'm just feeling really down; can you play some instrumental music?